// Validating benchmarks:
// ***** BenchmarkRunner: Start   *****
// ***** Found 7 benchmark(s) in total *****
// ***** Building 1 exe(s) in Parallel: Start   *****
// ***** Done, took 00:00:00 (0.12 sec)   *****
// Found 7 benchmarks:
//   StepBreakdownBenchmarks.'Step 1: Slab Creation & Merkle Hash (Rust FFI)': InProcess(Toolchain=InProcessEmitToolchain)
//   StepBreakdownBenchmarks.'Step 2: Bitmask Step Mark & Transition (Rust FFI)': InProcess(Toolchain=InProcessEmitToolchain)
//   StepBreakdownBenchmarks.'Step 3: Merkle Root SHA-256 Verification (Rust FFI)': InProcess(Toolchain=InProcessEmitToolchain)
//   StepBreakdownBenchmarks.'Step 4: NDA Binary Document Proof Verification': InProcess(Toolchain=InProcessEmitToolchain)
//   StepBreakdownBenchmarks.'Step 5: VCTP Packet Header Construction': InProcess(Toolchain=InProcessEmitToolchain)
//   StepBreakdownBenchmarks.'Step 6: Tier-2 Bump Arena Payload Allocation': InProcess(Toolchain=InProcessEmitToolchain)
//   StepBreakdownBenchmarks.'Step 7: O(1) Direct Memory Pointer Resumption': InProcess(Toolchain=InProcessEmitToolchain)

Setup power plan (GUID: 8c5e7fda-e8bf-4a96-9a85-a6e23a8c635c FriendlyName: High performance)
// **************************
// Benchmark: StepBreakdownBenchmarks.'Step 1: Slab Creation & Merkle Hash (Rust FFI)': InProcess(Toolchain=InProcessEmitToolchain)
// *** Execute ***
// Launch: 1 / 1

// Benchmark Process Environment Information:
// BenchmarkDotNet v0.14.0
// Runtime=.NET 10.0.5 (10.0.526.15411), X64 RyuJIT AVX2
// GC=Concurrent Workstation
// HardwareIntrinsics=AVX2,AES,BMI1,BMI2,FMA,LZCNT,PCLMUL,POPCNT VectorSize=256
// Job: Job-URRYTP(Toolchain=InProcessEmitToolchain)

OverheadJitting  1: 1 op, 453400.00 ns, 453.4000 us/op
WorkloadJitting  1: 1 op, 50612400.00 ns, 50.6124 ms/op

WorkloadPilot    1: 2 op, 18800.00 ns, 9.4000 us/op
WorkloadPilot    2: 3 op, 11500.00 ns, 3.8333 us/op
WorkloadPilot    3: 4 op, 13200.00 ns, 3.3000 us/op
WorkloadPilot    4: 5 op, 9100.00 ns, 1.8200 us/op
WorkloadPilot    5: 6 op, 13100.00 ns, 2.1833 us/op
WorkloadPilot    6: 7 op, 17200.00 ns, 2.4571 us/op
WorkloadPilot    7: 8 op, 17600.00 ns, 2.2000 us/op
WorkloadPilot    8: 9 op, 22600.00 ns, 2.5111 us/op
WorkloadPilot    9: 10 op, 19600.00 ns, 1.9600 us/op
WorkloadPilot   10: 11 op, 48000.00 ns, 4.3636 us/op
WorkloadPilot   11: 12 op, 20900.00 ns, 1.7417 us/op
WorkloadPilot   12: 13 op, 18100.00 ns, 1.3923 us/op
WorkloadPilot   13: 14 op, 83900.00 ns, 5.9929 us/op
WorkloadPilot   14: 15 op, 73700.00 ns, 4.9133 us/op
WorkloadPilot   15: 16 op, 35100.00 ns, 2.1938 us/op
WorkloadPilot   16: 32 op, 38600.00 ns, 1.2063 us/op
WorkloadPilot   17: 64 op, 126300.00 ns, 1.9734 us/op
WorkloadPilot   18: 128 op, 214900.00 ns, 1.6789 us/op
WorkloadPilot   19: 256 op, 296300.00 ns, 1.1574 us/op
WorkloadPilot   20: 512 op, 584900.00 ns, 1.1424 us/op
WorkloadPilot   21: 1024 op, 1220400.00 ns, 1.1918 us/op
WorkloadPilot   22: 2048 op, 2324000.00 ns, 1.1348 us/op
WorkloadPilot   23: 4096 op, 5548000.00 ns, 1.3545 us/op
WorkloadPilot   24: 8192 op, 10719200.00 ns, 1.3085 us/op
WorkloadPilot   25: 16384 op, 22132300.00 ns, 1.3508 us/op
WorkloadPilot   26: 32768 op, 52061300.00 ns, 1.5888 us/op
WorkloadPilot   27: 65536 op, 100923300.00 ns, 1.5400 us/op
WorkloadPilot   28: 131072 op, 166882900.00 ns, 1.2732 us/op
WorkloadPilot   29: 262144 op, 337906500.00 ns, 1.2890 us/op
WorkloadPilot   30: 524288 op, 690856000.00 ns, 1.3177 us/op

WorkloadWarmup   1: 524288 op, 676499100.00 ns, 1.2903 us/op
WorkloadWarmup   2: 524288 op, 560687600.00 ns, 1.0694 us/op
WorkloadWarmup   3: 524288 op, 497419800.00 ns, 948.7530 ns/op
WorkloadWarmup   4: 524288 op, 485327700.00 ns, 925.6891 ns/op
WorkloadWarmup   5: 524288 op, 489889800.00 ns, 934.3906 ns/op
WorkloadWarmup   6: 524288 op, 537460400.00 ns, 1.0251 us/op
WorkloadWarmup   7: 524288 op, 580531400.00 ns, 1.1073 us/op
WorkloadWarmup   8: 524288 op, 708650800.00 ns, 1.3516 us/op
WorkloadWarmup   9: 524288 op, 578861100.00 ns, 1.1041 us/op
WorkloadWarmup  10: 524288 op, 568961300.00 ns, 1.0852 us/op
WorkloadWarmup  11: 524288 op, 510758300.00 ns, 974.1941 ns/op
WorkloadWarmup  12: 524288 op, 492652300.00 ns, 939.6597 ns/op
WorkloadWarmup  13: 524288 op, 563448200.00 ns, 1.0747 us/op
WorkloadWarmup  14: 524288 op, 575744600.00 ns, 1.0981 us/op
WorkloadWarmup  15: 524288 op, 548743900.00 ns, 1.0466 us/op

WorkloadActual   1: 524288 op, 483613800.00 ns, 922.4201 ns/op
WorkloadActual   2: 524288 op, 447693200.00 ns, 853.9070 ns/op
WorkloadActual   3: 524288 op, 451604000.00 ns, 861.3663 ns/op
WorkloadActual   4: 524288 op, 445108500.00 ns, 848.9771 ns/op
WorkloadActual   5: 524288 op, 435023100.00 ns, 829.7407 ns/op
WorkloadActual   6: 524288 op, 476853800.00 ns, 909.5264 ns/op
WorkloadActual   7: 524288 op, 558055400.00 ns, 1.0644 us/op
WorkloadActual   8: 524288 op, 469568500.00 ns, 895.6308 ns/op
WorkloadActual   9: 524288 op, 416347700.00 ns, 794.1202 ns/op
WorkloadActual  10: 524288 op, 389599900.00 ns, 743.1028 ns/op
WorkloadActual  11: 524288 op, 440372700.00 ns, 839.9443 ns/op
WorkloadActual  12: 524288 op, 509768800.00 ns, 972.3068 ns/op
WorkloadActual  13: 524288 op, 549645000.00 ns, 1.0484 us/op
WorkloadActual  14: 524288 op, 482595400.00 ns, 920.4777 ns/op
WorkloadActual  15: 524288 op, 434158500.00 ns, 828.0916 ns/op
WorkloadActual  16: 524288 op, 401726100.00 ns, 766.2317 ns/op
WorkloadActual  17: 524288 op, 428542900.00 ns, 817.3807 ns/op
WorkloadActual  18: 524288 op, 433821700.00 ns, 827.4492 ns/op
WorkloadActual  19: 524288 op, 389718600.00 ns, 743.3292 ns/op
WorkloadActual  20: 524288 op, 414361200.00 ns, 790.3313 ns/op
WorkloadActual  21: 524288 op, 445327700.00 ns, 849.3952 ns/op
WorkloadActual  22: 524288 op, 584220200.00 ns, 1.1143 us/op
WorkloadActual  23: 524288 op, 687317300.00 ns, 1.3110 us/op
WorkloadActual  24: 524288 op, 527092500.00 ns, 1.0053 us/op
WorkloadActual  25: 524288 op, 427505600.00 ns, 815.4022 ns/op
WorkloadActual  26: 524288 op, 396387100.00 ns, 756.0484 ns/op
WorkloadActual  27: 524288 op, 403983600.00 ns, 770.5376 ns/op
WorkloadActual  28: 524288 op, 446188600.00 ns, 851.0372 ns/op
WorkloadActual  29: 524288 op, 510740400.00 ns, 974.1600 ns/op
WorkloadActual  30: 524288 op, 572265300.00 ns, 1.0915 us/op
WorkloadActual  31: 524288 op, 584751800.00 ns, 1.1153 us/op
WorkloadActual  32: 524288 op, 451518100.00 ns, 861.2024 ns/op
WorkloadActual  33: 524288 op, 400637000.00 ns, 764.1544 ns/op
WorkloadActual  34: 524288 op, 403289200.00 ns, 769.2131 ns/op
WorkloadActual  35: 524288 op, 393030500.00 ns, 749.6462 ns/op
WorkloadActual  36: 524288 op, 436698500.00 ns, 832.9363 ns/op
WorkloadActual  37: 524288 op, 532062600.00 ns, 1.0148 us/op
WorkloadActual  38: 524288 op, 472411100.00 ns, 901.0527 ns/op
WorkloadActual  39: 524288 op, 455695400.00 ns, 869.1700 ns/op
WorkloadActual  40: 524288 op, 447447100.00 ns, 853.4376 ns/op
WorkloadActual  41: 524288 op, 419533000.00 ns, 800.1957 ns/op
WorkloadActual  42: 524288 op, 435287500.00 ns, 830.2450 ns/op
WorkloadActual  43: 524288 op, 488669400.00 ns, 932.0629 ns/op
WorkloadActual  44: 524288 op, 370856100.00 ns, 707.3519 ns/op
WorkloadActual  45: 524288 op, 418564100.00 ns, 798.3477 ns/op
WorkloadActual  46: 524288 op, 477074500.00 ns, 909.9474 ns/op
WorkloadActual  47: 524288 op, 485130900.00 ns, 925.3138 ns/op
WorkloadActual  48: 524288 op, 514572800.00 ns, 981.4697 ns/op
WorkloadActual  49: 524288 op, 588497500.00 ns, 1.1225 us/op
WorkloadActual  50: 524288 op, 502625200.00 ns, 958.6815 ns/op
WorkloadActual  51: 524288 op, 504262500.00 ns, 961.8044 ns/op
WorkloadActual  52: 524288 op, 456670500.00 ns, 871.0299 ns/op
WorkloadActual  53: 524288 op, 460633700.00 ns, 878.5891 ns/op
WorkloadActual  54: 524288 op, 510970900.00 ns, 974.5996 ns/op
WorkloadActual  55: 524288 op, 689129400.00 ns, 1.3144 us/op
WorkloadActual  56: 524288 op, 714229500.00 ns, 1.3623 us/op
WorkloadActual  57: 524288 op, 581517300.00 ns, 1.1092 us/op
WorkloadActual  58: 524288 op, 520228700.00 ns, 992.2575 ns/op
WorkloadActual  59: 524288 op, 464240900.00 ns, 885.4692 ns/op
WorkloadActual  60: 524288 op, 458559700.00 ns, 874.6332 ns/op
WorkloadActual  61: 524288 op, 533206900.00 ns, 1.0170 us/op
WorkloadActual  62: 524288 op, 583459500.00 ns, 1.1129 us/op
WorkloadActual  63: 524288 op, 579860000.00 ns, 1.1060 us/op
WorkloadActual  64: 524288 op, 537106100.00 ns, 1.0244 us/op
WorkloadActual  65: 524288 op, 445467600.00 ns, 849.6620 ns/op
WorkloadActual  66: 524288 op, 418624300.00 ns, 798.4625 ns/op
WorkloadActual  67: 524288 op, 414402200.00 ns, 790.4095 ns/op
WorkloadActual  68: 524288 op, 433286100.00 ns, 826.4277 ns/op
WorkloadActual  69: 524288 op, 517379300.00 ns, 986.8227 ns/op
WorkloadActual  70: 524288 op, 591193000.00 ns, 1.1276 us/op
WorkloadActual  71: 524288 op, 545947500.00 ns, 1.0413 us/op
WorkloadActual  72: 524288 op, 484849200.00 ns, 924.7765 ns/op
WorkloadActual  73: 524288 op, 438625900.00 ns, 836.6125 ns/op
WorkloadActual  74: 524288 op, 428313100.00 ns, 816.9424 ns/op
WorkloadActual  75: 524288 op, 467188000.00 ns, 891.0904 ns/op
WorkloadActual  76: 524288 op, 523099400.00 ns, 997.7329 ns/op
WorkloadActual  77: 524288 op, 497083100.00 ns, 948.1108 ns/op
WorkloadActual  78: 524288 op, 598026200.00 ns, 1.1406 us/op
WorkloadActual  79: 524288 op, 621529800.00 ns, 1.1855 us/op
WorkloadActual  80: 524288 op, 600549400.00 ns, 1.1455 us/op
WorkloadActual  81: 524288 op, 495675000.00 ns, 945.4250 ns/op
WorkloadActual  82: 524288 op, 440207800.00 ns, 839.6297 ns/op
WorkloadActual  83: 524288 op, 466680100.00 ns, 890.1217 ns/op
WorkloadActual  84: 524288 op, 548176600.00 ns, 1.0456 us/op
WorkloadActual  85: 524288 op, 762163500.00 ns, 1.4537 us/op
WorkloadActual  86: 524288 op, 616572300.00 ns, 1.1760 us/op
WorkloadActual  87: 524288 op, 522221200.00 ns, 996.0579 ns/op
WorkloadActual  88: 524288 op, 528725000.00 ns, 1.0085 us/op
WorkloadActual  89: 524288 op, 465689100.00 ns, 888.2315 ns/op
WorkloadActual  90: 524288 op, 496272600.00 ns, 946.5649 ns/op
WorkloadActual  91: 524288 op, 688102700.00 ns, 1.3125 us/op
WorkloadActual  92: 524288 op, 721222500.00 ns, 1.3756 us/op
WorkloadActual  93: 524288 op, 665317400.00 ns, 1.2690 us/op
WorkloadActual  94: 524288 op, 507388900.00 ns, 967.7675 ns/op
WorkloadActual  95: 524288 op, 457780000.00 ns, 873.1461 ns/op
WorkloadActual  96: 524288 op, 448532100.00 ns, 855.5071 ns/op
WorkloadActual  97: 524288 op, 506842200.00 ns, 966.7248 ns/op
WorkloadActual  98: 524288 op, 914369900.00 ns, 1.7440 us/op
WorkloadActual  99: 524288 op, 1059801700.00 ns, 2.0214 us/op
WorkloadActual  100: 524288 op, 938005100.00 ns, 1.7891 us/op

WorkloadResult   1: 524288 op, 483613800.00 ns, 922.4201 ns/op
WorkloadResult   2: 524288 op, 447693200.00 ns, 853.9070 ns/op
WorkloadResult   3: 524288 op, 451604000.00 ns, 861.3663 ns/op
WorkloadResult   4: 524288 op, 445108500.00 ns, 848.9771 ns/op
WorkloadResult   5: 524288 op, 435023100.00 ns, 829.7407 ns/op
WorkloadResult   6: 524288 op, 476853800.00 ns, 909.5264 ns/op
WorkloadResult   7: 524288 op, 558055400.00 ns, 1.0644 us/op
WorkloadResult   8: 524288 op, 469568500.00 ns, 895.6308 ns/op
WorkloadResult   9: 524288 op, 416347700.00 ns, 794.1202 ns/op
WorkloadResult  10: 524288 op, 389599900.00 ns, 743.1028 ns/op
WorkloadResult  11: 524288 op, 440372700.00 ns, 839.9443 ns/op
WorkloadResult  12: 524288 op, 509768800.00 ns, 972.3068 ns/op
WorkloadResult  13: 524288 op, 549645000.00 ns, 1.0484 us/op
WorkloadResult  14: 524288 op, 482595400.00 ns, 920.4777 ns/op
WorkloadResult  15: 524288 op, 434158500.00 ns, 828.0916 ns/op
WorkloadResult  16: 524288 op, 401726100.00 ns, 766.2317 ns/op
WorkloadResult  17: 524288 op, 428542900.00 ns, 817.3807 ns/op
WorkloadResult  18: 524288 op, 433821700.00 ns, 827.4492 ns/op
WorkloadResult  19: 524288 op, 389718600.00 ns, 743.3292 ns/op
WorkloadResult  20: 524288 op, 414361200.00 ns, 790.3313 ns/op
WorkloadResult  21: 524288 op, 445327700.00 ns, 849.3952 ns/op
WorkloadResult  22: 524288 op, 584220200.00 ns, 1.1143 us/op
WorkloadResult  23: 524288 op, 687317300.00 ns, 1.3110 us/op
WorkloadResult  24: 524288 op, 527092500.00 ns, 1.0053 us/op
WorkloadResult  25: 524288 op, 427505600.00 ns, 815.4022 ns/op
WorkloadResult  26: 524288 op, 396387100.00 ns, 756.0484 ns/op
WorkloadResult  27: 524288 op, 403983600.00 ns, 770.5376 ns/op
WorkloadResult  28: 524288 op, 446188600.00 ns, 851.0372 ns/op
WorkloadResult  29: 524288 op, 510740400.00 ns, 974.1600 ns/op
WorkloadResult  30: 524288 op, 572265300.00 ns, 1.0915 us/op
WorkloadResult  31: 524288 op, 584751800.00 ns, 1.1153 us/op
WorkloadResult  32: 524288 op, 451518100.00 ns, 861.2024 ns/op
WorkloadResult  33: 524288 op, 400637000.00 ns, 764.1544 ns/op
WorkloadResult  34: 524288 op, 403289200.00 ns, 769.2131 ns/op
WorkloadResult  35: 524288 op, 393030500.00 ns, 749.6462 ns/op
WorkloadResult  36: 524288 op, 436698500.00 ns, 832.9363 ns/op
WorkloadResult  37: 524288 op, 532062600.00 ns, 1.0148 us/op
WorkloadResult  38: 524288 op, 472411100.00 ns, 901.0527 ns/op
WorkloadResult  39: 524288 op, 455695400.00 ns, 869.1700 ns/op
WorkloadResult  40: 524288 op, 447447100.00 ns, 853.4376 ns/op
WorkloadResult  41: 524288 op, 419533000.00 ns, 800.1957 ns/op
WorkloadResult  42: 524288 op, 435287500.00 ns, 830.2450 ns/op
WorkloadResult  43: 524288 op, 488669400.00 ns, 932.0629 ns/op
WorkloadResult  44: 524288 op, 370856100.00 ns, 707.3519 ns/op
WorkloadResult  45: 524288 op, 418564100.00 ns, 798.3477 ns/op
WorkloadResult  46: 524288 op, 477074500.00 ns, 909.9474 ns/op
WorkloadResult  47: 524288 op, 485130900.00 ns, 925.3138 ns/op
WorkloadResult  48: 524288 op, 514572800.00 ns, 981.4697 ns/op
WorkloadResult  49: 524288 op, 588497500.00 ns, 1.1225 us/op
WorkloadResult  50: 524288 op, 502625200.00 ns, 958.6815 ns/op
WorkloadResult  51: 524288 op, 504262500.00 ns, 961.8044 ns/op
WorkloadResult  52: 524288 op, 456670500.00 ns, 871.0299 ns/op
WorkloadResult  53: 524288 op, 460633700.00 ns, 878.5891 ns/op
WorkloadResult  54: 524288 op, 510970900.00 ns, 974.5996 ns/op
WorkloadResult  55: 524288 op, 689129400.00 ns, 1.3144 us/op
WorkloadResult  56: 524288 op, 581517300.00 ns, 1.1092 us/op
WorkloadResult  57: 524288 op, 520228700.00 ns, 992.2575 ns/op
WorkloadResult  58: 524288 op, 464240900.00 ns, 885.4692 ns/op
WorkloadResult  59: 524288 op, 458559700.00 ns, 874.6332 ns/op
WorkloadResult  60: 524288 op, 533206900.00 ns, 1.0170 us/op
WorkloadResult  61: 524288 op, 583459500.00 ns, 1.1129 us/op
WorkloadResult  62: 524288 op, 579860000.00 ns, 1.1060 us/op
WorkloadResult  63: 524288 op, 537106100.00 ns, 1.0244 us/op
WorkloadResult  64: 524288 op, 445467600.00 ns, 849.6620 ns/op
WorkloadResult  65: 524288 op, 418624300.00 ns, 798.4625 ns/op
WorkloadResult  66: 524288 op, 414402200.00 ns, 790.4095 ns/op
WorkloadResult  67: 524288 op, 433286100.00 ns, 826.4277 ns/op
WorkloadResult  68: 524288 op, 517379300.00 ns, 986.8227 ns/op
WorkloadResult  69: 524288 op, 591193000.00 ns, 1.1276 us/op
WorkloadResult  70: 524288 op, 545947500.00 ns, 1.0413 us/op
WorkloadResult  71: 524288 op, 484849200.00 ns, 924.7765 ns/op
WorkloadResult  72: 524288 op, 438625900.00 ns, 836.6125 ns/op
WorkloadResult  73: 524288 op, 428313100.00 ns, 816.9424 ns/op
WorkloadResult  74: 524288 op, 467188000.00 ns, 891.0904 ns/op
WorkloadResult  75: 524288 op, 523099400.00 ns, 997.7329 ns/op
WorkloadResult  76: 524288 op, 497083100.00 ns, 948.1108 ns/op
WorkloadResult  77: 524288 op, 598026200.00 ns, 1.1406 us/op
WorkloadResult  78: 524288 op, 621529800.00 ns, 1.1855 us/op
WorkloadResult  79: 524288 op, 600549400.00 ns, 1.1455 us/op
WorkloadResult  80: 524288 op, 495675000.00 ns, 945.4250 ns/op
WorkloadResult  81: 524288 op, 440207800.00 ns, 839.6297 ns/op
WorkloadResult  82: 524288 op, 466680100.00 ns, 890.1217 ns/op
WorkloadResult  83: 524288 op, 548176600.00 ns, 1.0456 us/op
WorkloadResult  84: 524288 op, 616572300.00 ns, 1.1760 us/op
WorkloadResult  85: 524288 op, 522221200.00 ns, 996.0579 ns/op
WorkloadResult  86: 524288 op, 528725000.00 ns, 1.0085 us/op
WorkloadResult  87: 524288 op, 465689100.00 ns, 888.2315 ns/op
WorkloadResult  88: 524288 op, 496272600.00 ns, 946.5649 ns/op
WorkloadResult  89: 524288 op, 688102700.00 ns, 1.3125 us/op
WorkloadResult  90: 524288 op, 665317400.00 ns, 1.2690 us/op
WorkloadResult  91: 524288 op, 507388900.00 ns, 967.7675 ns/op
WorkloadResult  92: 524288 op, 457780000.00 ns, 873.1461 ns/op
WorkloadResult  93: 524288 op, 448532100.00 ns, 855.5071 ns/op
WorkloadResult  94: 524288 op, 506842200.00 ns, 966.7248 ns/op
// GC:  0 0 0 1072 524288
// Threading:  0 0 524288


Mean = 935.355 ns, StdErr = 14.181 ns (1.52%), N = 94, StdDev = 137.486 ns
Min = 707.352 ns, Q1 = 833.855 ns, Median = 905.290 ns, Q3 = 1,007.684 ns, Max = 1,314.410 ns
IQR = 173.829 ns, LowerFence = 573.112 ns, UpperFence = 1,268.428 ns
ConfidenceInterval = [887.166 ns; 983.544 ns] (CI 99.9%), Margin = 48.189 ns (5.15% of Mean)
Skewness = 0.84, Kurtosis = 3.23, MValue = 2.81

// ** Remained 6 (85.7%) benchmark(s) to run. Estimated finish 2026-08-06 14:28 (0h 6m from now) **
Setup power plan (GUID: 8c5e7fda-e8bf-4a96-9a85-a6e23a8c635c FriendlyName: High performance)
// **************************
// Benchmark: StepBreakdownBenchmarks.'Step 2: Bitmask Step Mark & Transition (Rust FFI)': InProcess(Toolchain=InProcessEmitToolchain)
// *** Execute ***
// Launch: 1 / 1

// Benchmark Process Environment Information:
// BenchmarkDotNet v0.14.0
// Runtime=.NET 10.0.5 (10.0.526.15411), X64 RyuJIT AVX2
// GC=Concurrent Workstation
// HardwareIntrinsics=AVX2,AES,BMI1,BMI2,FMA,LZCNT,PCLMUL,POPCNT VectorSize=256
// Job: Job-URRYTP(Toolchain=InProcessEmitToolchain)

OverheadJitting  1: 1 op, 573900.00 ns, 573.9000 us/op
WorkloadJitting  1: 1 op, 803500.00 ns, 803.5000 us/op

OverheadJitting  2: 16 op, 1465000.00 ns, 91.5625 us/op
WorkloadJitting  2: 16 op, 1544100.00 ns, 96.5063 us/op

WorkloadPilot    1: 16 op, 34800.00 ns, 2.1750 us/op
WorkloadPilot    2: 32 op, 51600.00 ns, 1.6125 us/op
WorkloadPilot    3: 64 op, 100700.00 ns, 1.5734 us/op
WorkloadPilot    4: 128 op, 158200.00 ns, 1.2359 us/op
WorkloadPilot    5: 256 op, 410100.00 ns, 1.6020 us/op
WorkloadPilot    6: 512 op, 578400.00 ns, 1.1297 us/op
WorkloadPilot    7: 1024 op, 1244400.00 ns, 1.2152 us/op
WorkloadPilot    8: 2048 op, 2432000.00 ns, 1.1875 us/op
WorkloadPilot    9: 4096 op, 5215700.00 ns, 1.2734 us/op
WorkloadPilot   10: 8192 op, 11733600.00 ns, 1.4323 us/op
WorkloadPilot   11: 16384 op, 23554600.00 ns, 1.4377 us/op
WorkloadPilot   12: 32768 op, 47845500.00 ns, 1.4601 us/op
WorkloadPilot   13: 65536 op, 99492100.00 ns, 1.5181 us/op
WorkloadPilot   14: 131072 op, 171484500.00 ns, 1.3083 us/op
WorkloadPilot   15: 262144 op, 334891700.00 ns, 1.2775 us/op
WorkloadPilot   16: 524288 op, 668142800.00 ns, 1.2744 us/op

OverheadWarmup   1: 524288 op, 1780400.00 ns, 3.3958 ns/op
OverheadWarmup   2: 524288 op, 1744300.00 ns, 3.3270 ns/op
OverheadWarmup   3: 524288 op, 1829600.00 ns, 3.4897 ns/op
OverheadWarmup   4: 524288 op, 1943300.00 ns, 3.7066 ns/op
OverheadWarmup   5: 524288 op, 2416800.00 ns, 4.6097 ns/op
OverheadWarmup   6: 524288 op, 1999400.00 ns, 3.8136 ns/op
OverheadWarmup   7: 524288 op, 1790400.00 ns, 3.4149 ns/op
OverheadWarmup   8: 524288 op, 1807900.00 ns, 3.4483 ns/op
OverheadWarmup   9: 524288 op, 2122300.00 ns, 4.0480 ns/op
OverheadWarmup  10: 524288 op, 1823400.00 ns, 3.4779 ns/op

OverheadActual   1: 524288 op, 1767100.00 ns, 3.3705 ns/op
OverheadActual   2: 524288 op, 1923100.00 ns, 3.6680 ns/op
OverheadActual   3: 524288 op, 2220200.00 ns, 4.2347 ns/op
OverheadActual   4: 524288 op, 1989100.00 ns, 3.7939 ns/op
OverheadActual   5: 524288 op, 1783600.00 ns, 3.4019 ns/op
OverheadActual   6: 524288 op, 1747500.00 ns, 3.3331 ns/op
OverheadActual   7: 524288 op, 1959300.00 ns, 3.7371 ns/op
OverheadActual   8: 524288 op, 1807500.00 ns, 3.4475 ns/op
OverheadActual   9: 524288 op, 1805800.00 ns, 3.4443 ns/op
OverheadActual  10: 524288 op, 2343400.00 ns, 4.4697 ns/op
OverheadActual  11: 524288 op, 1894800.00 ns, 3.6140 ns/op
OverheadActual  12: 524288 op, 1847900.00 ns, 3.5246 ns/op
OverheadActual  13: 524288 op, 1786100.00 ns, 3.4067 ns/op
OverheadActual  14: 524288 op, 2422700.00 ns, 4.6209 ns/op
OverheadActual  15: 524288 op, 2448900.00 ns, 4.6709 ns/op
OverheadActual  16: 524288 op, 2396700.00 ns, 4.5713 ns/op
OverheadActual  17: 524288 op, 2155200.00 ns, 4.1107 ns/op
OverheadActual  18: 524288 op, 2076300.00 ns, 3.9602 ns/op
OverheadActual  19: 524288 op, 2070600.00 ns, 3.9494 ns/op
OverheadActual  20: 524288 op, 2043400.00 ns, 3.8975 ns/op

WorkloadWarmup   1: 524288 op, 651804400.00 ns, 1.2432 us/op
WorkloadWarmup   2: 524288 op, 578506500.00 ns, 1.1034 us/op
WorkloadWarmup   3: 524288 op, 574892700.00 ns, 1.0965 us/op
WorkloadWarmup   4: 524288 op, 479444700.00 ns, 914.4682 ns/op
WorkloadWarmup   5: 524288 op, 490833200.00 ns, 936.1900 ns/op
WorkloadWarmup   6: 524288 op, 529189300.00 ns, 1.0093 us/op
WorkloadWarmup   7: 524288 op, 509470000.00 ns, 971.7369 ns/op
WorkloadWarmup   8: 524288 op, 535082100.00 ns, 1.0206 us/op
WorkloadWarmup   9: 524288 op, 494831400.00 ns, 943.8160 ns/op

WorkloadActual   1: 524288 op, 526079300.00 ns, 1.0034 us/op
WorkloadActual   2: 524288 op, 535456400.00 ns, 1.0213 us/op
WorkloadActual   3: 524288 op, 584374000.00 ns, 1.1146 us/op
WorkloadActual   4: 524288 op, 695486500.00 ns, 1.3265 us/op
WorkloadActual   5: 524288 op, 586797700.00 ns, 1.1192 us/op
WorkloadActual   6: 524288 op, 531047300.00 ns, 1.0129 us/op
WorkloadActual   7: 524288 op, 516105300.00 ns, 984.3927 ns/op
WorkloadActual   8: 524288 op, 558208400.00 ns, 1.0647 us/op
WorkloadActual   9: 524288 op, 516163800.00 ns, 984.5043 ns/op
WorkloadActual  10: 524288 op, 497024100.00 ns, 947.9982 ns/op
WorkloadActual  11: 524288 op, 527523800.00 ns, 1.0062 us/op
WorkloadActual  12: 524288 op, 533738000.00 ns, 1.0180 us/op
WorkloadActual  13: 524288 op, 520962000.00 ns, 993.6562 ns/op
WorkloadActual  14: 524288 op, 558043800.00 ns, 1.0644 us/op
WorkloadActual  15: 524288 op, 524206400.00 ns, 999.8444 ns/op
WorkloadActual  16: 524288 op, 562787700.00 ns, 1.0734 us/op
WorkloadActual  17: 524288 op, 521672700.00 ns, 995.0117 ns/op
WorkloadActual  18: 524288 op, 591560800.00 ns, 1.1283 us/op
WorkloadActual  19: 524288 op, 810546100.00 ns, 1.5460 us/op
WorkloadActual  20: 524288 op, 723919100.00 ns, 1.3808 us/op
WorkloadActual  21: 524288 op, 745979700.00 ns, 1.4228 us/op
WorkloadActual  22: 524288 op, 826631200.00 ns, 1.5767 us/op
WorkloadActual  23: 524288 op, 776474500.00 ns, 1.4810 us/op
WorkloadActual  24: 524288 op, 632746200.00 ns, 1.2069 us/op
WorkloadActual  25: 524288 op, 611441500.00 ns, 1.1662 us/op
WorkloadActual  26: 524288 op, 549052100.00 ns, 1.0472 us/op
WorkloadActual  27: 524288 op, 511278500.00 ns, 975.1863 ns/op
WorkloadActual  28: 524288 op, 528092300.00 ns, 1.0073 us/op
WorkloadActual  29: 524288 op, 522515500.00 ns, 996.6192 ns/op
WorkloadActual  30: 524288 op, 623092000.00 ns, 1.1885 us/op
WorkloadActual  31: 524288 op, 673740300.00 ns, 1.2851 us/op
WorkloadActual  32: 524288 op, 717658600.00 ns, 1.3688 us/op
WorkloadActual  33: 524288 op, 636122700.00 ns, 1.2133 us/op
WorkloadActual  34: 524288 op, 494793700.00 ns, 943.7441 ns/op
WorkloadActual  35: 524288 op, 460464500.00 ns, 878.2663 ns/op
WorkloadActual  36: 524288 op, 507247100.00 ns, 967.4971 ns/op
WorkloadActual  37: 524288 op, 804259400.00 ns, 1.5340 us/op
WorkloadActual  38: 524288 op, 697178100.00 ns, 1.3298 us/op
WorkloadActual  39: 524288 op, 546678500.00 ns, 1.0427 us/op
WorkloadActual  40: 524288 op, 480460300.00 ns, 916.4053 ns/op
WorkloadActual  41: 524288 op, 474117800.00 ns, 904.3079 ns/op
WorkloadActual  42: 524288 op, 443841400.00 ns, 846.5603 ns/op
WorkloadActual  43: 524288 op, 541163300.00 ns, 1.0322 us/op
WorkloadActual  44: 524288 op, 574632900.00 ns, 1.0960 us/op
WorkloadActual  45: 524288 op, 618062200.00 ns, 1.1789 us/op
WorkloadActual  46: 524288 op, 530101600.00 ns, 1.0111 us/op
WorkloadActual  47: 524288 op, 485803500.00 ns, 926.5966 ns/op
WorkloadActual  48: 524288 op, 436592800.00 ns, 832.7347 ns/op
WorkloadActual  49: 524288 op, 422437500.00 ns, 805.7356 ns/op
WorkloadActual  50: 524288 op, 480543800.00 ns, 916.5646 ns/op
WorkloadActual  51: 524288 op, 515805700.00 ns, 983.8213 ns/op
WorkloadActual  52: 524288 op, 551061500.00 ns, 1.0511 us/op
WorkloadActual  53: 524288 op, 597829400.00 ns, 1.1403 us/op
WorkloadActual  54: 524288 op, 541081500.00 ns, 1.0320 us/op
WorkloadActual  55: 524288 op, 472986100.00 ns, 902.1494 ns/op
WorkloadActual  56: 524288 op, 426710800.00 ns, 813.8863 ns/op
WorkloadActual  57: 524288 op, 425607800.00 ns, 811.7825 ns/op
WorkloadActual  58: 524288 op, 434715800.00 ns, 829.1546 ns/op
WorkloadActual  59: 524288 op, 482372600.00 ns, 920.0527 ns/op
WorkloadActual  60: 524288 op, 494580600.00 ns, 943.3376 ns/op
WorkloadActual  61: 524288 op, 519755100.00 ns, 991.3542 ns/op
WorkloadActual  62: 524288 op, 533180100.00 ns, 1.0170 us/op
WorkloadActual  63: 524288 op, 634889800.00 ns, 1.2110 us/op
WorkloadActual  64: 524288 op, 534668900.00 ns, 1.0198 us/op
WorkloadActual  65: 524288 op, 495897200.00 ns, 945.8488 ns/op
WorkloadActual  66: 524288 op, 435310200.00 ns, 830.2883 ns/op
WorkloadActual  67: 524288 op, 441575800.00 ns, 842.2390 ns/op
WorkloadActual  68: 524288 op, 519879200.00 ns, 991.5909 ns/op
WorkloadActual  69: 524288 op, 606985300.00 ns, 1.1577 us/op
WorkloadActual  70: 524288 op, 565690500.00 ns, 1.0790 us/op
WorkloadActual  71: 524288 op, 536953500.00 ns, 1.0242 us/op
WorkloadActual  72: 524288 op, 457502000.00 ns, 872.6158 ns/op
WorkloadActual  73: 524288 op, 447509300.00 ns, 853.5563 ns/op
WorkloadActual  74: 524288 op, 435027500.00 ns, 829.7491 ns/op
WorkloadActual  75: 524288 op, 465903700.00 ns, 888.6408 ns/op
WorkloadActual  76: 524288 op, 562324200.00 ns, 1.0725 us/op
WorkloadActual  77: 524288 op, 664122700.00 ns, 1.2667 us/op
WorkloadActual  78: 524288 op, 556642200.00 ns, 1.0617 us/op
WorkloadActual  79: 524288 op, 486378700.00 ns, 927.6937 ns/op
WorkloadActual  80: 524288 op, 445463400.00 ns, 849.6540 ns/op
WorkloadActual  81: 524288 op, 428910600.00 ns, 818.0820 ns/op
WorkloadActual  82: 524288 op, 455402200.00 ns, 868.6108 ns/op
WorkloadActual  83: 524288 op, 572842500.00 ns, 1.0926 us/op
WorkloadActual  84: 524288 op, 598636900.00 ns, 1.1418 us/op
WorkloadActual  85: 524288 op, 606932900.00 ns, 1.1576 us/op
WorkloadActual  86: 524288 op, 418085100.00 ns, 797.4340 ns/op
WorkloadActual  87: 524288 op, 387508500.00 ns, 739.1138 ns/op
WorkloadActual  88: 524288 op, 477398900.00 ns, 910.5661 ns/op
WorkloadActual  89: 524288 op, 444647700.00 ns, 848.0982 ns/op
WorkloadActual  90: 524288 op, 451425000.00 ns, 861.0249 ns/op
WorkloadActual  91: 524288 op, 534498800.00 ns, 1.0195 us/op
WorkloadActual  92: 524288 op, 523607400.00 ns, 998.7019 ns/op
WorkloadActual  93: 524288 op, 518672400.00 ns, 989.2891 ns/op
WorkloadActual  94: 524288 op, 517771300.00 ns, 987.5704 ns/op
WorkloadActual  95: 524288 op, 464016200.00 ns, 885.0407 ns/op
WorkloadActual  96: 524288 op, 471861200.00 ns, 900.0038 ns/op
WorkloadActual  97: 524288 op, 476079300.00 ns, 908.0492 ns/op
WorkloadActual  98: 524288 op, 432375100.00 ns, 824.6901 ns/op
WorkloadActual  99: 524288 op, 443326100.00 ns, 845.5774 ns/op
WorkloadActual  100: 524288 op, 592171200.00 ns, 1.1295 us/op

WorkloadResult   1: 524288 op, 524105100.00 ns, 999.6511 ns/op
WorkloadResult   2: 524288 op, 533482200.00 ns, 1.0175 us/op
WorkloadResult   3: 524288 op, 582399800.00 ns, 1.1108 us/op
WorkloadResult   4: 524288 op, 693512300.00 ns, 1.3228 us/op
WorkloadResult   5: 524288 op, 584823500.00 ns, 1.1155 us/op
WorkloadResult   6: 524288 op, 529073100.00 ns, 1.0091 us/op
WorkloadResult   7: 524288 op, 514131100.00 ns, 980.6273 ns/op
WorkloadResult   8: 524288 op, 556234200.00 ns, 1.0609 us/op
WorkloadResult   9: 524288 op, 514189600.00 ns, 980.7388 ns/op
WorkloadResult  10: 524288 op, 495049900.00 ns, 944.2327 ns/op
WorkloadResult  11: 524288 op, 525549600.00 ns, 1.0024 us/op
WorkloadResult  12: 524288 op, 531763800.00 ns, 1.0143 us/op
WorkloadResult  13: 524288 op, 518987800.00 ns, 989.8907 ns/op
WorkloadResult  14: 524288 op, 556069600.00 ns, 1.0606 us/op
WorkloadResult  15: 524288 op, 522232200.00 ns, 996.0789 ns/op
WorkloadResult  16: 524288 op, 560813500.00 ns, 1.0697 us/op
WorkloadResult  17: 524288 op, 519698500.00 ns, 991.2462 ns/op
WorkloadResult  18: 524288 op, 589586600.00 ns, 1.1245 us/op
WorkloadResult  19: 524288 op, 721944900.00 ns, 1.3770 us/op
WorkloadResult  20: 524288 op, 630772000.00 ns, 1.2031 us/op
WorkloadResult  21: 524288 op, 609467300.00 ns, 1.1625 us/op
WorkloadResult  22: 524288 op, 547077900.00 ns, 1.0435 us/op
WorkloadResult  23: 524288 op, 509304300.00 ns, 971.4209 ns/op
WorkloadResult  24: 524288 op, 526118100.00 ns, 1.0035 us/op
WorkloadResult  25: 524288 op, 520541300.00 ns, 992.8537 ns/op
WorkloadResult  26: 524288 op, 621117800.00 ns, 1.1847 us/op
WorkloadResult  27: 524288 op, 671766100.00 ns, 1.2813 us/op
WorkloadResult  28: 524288 op, 715684400.00 ns, 1.3651 us/op
WorkloadResult  29: 524288 op, 634148500.00 ns, 1.2095 us/op
WorkloadResult  30: 524288 op, 492819500.00 ns, 939.9786 ns/op
WorkloadResult  31: 524288 op, 458490300.00 ns, 874.5008 ns/op
WorkloadResult  32: 524288 op, 505272900.00 ns, 963.7316 ns/op
WorkloadResult  33: 524288 op, 695203900.00 ns, 1.3260 us/op
WorkloadResult  34: 524288 op, 544704300.00 ns, 1.0389 us/op
WorkloadResult  35: 524288 op, 478486100.00 ns, 912.6398 ns/op
WorkloadResult  36: 524288 op, 472143600.00 ns, 900.5424 ns/op
WorkloadResult  37: 524288 op, 441867200.00 ns, 842.7948 ns/op
WorkloadResult  38: 524288 op, 539189100.00 ns, 1.0284 us/op
WorkloadResult  39: 524288 op, 572658700.00 ns, 1.0923 us/op
WorkloadResult  40: 524288 op, 616088000.00 ns, 1.1751 us/op
WorkloadResult  41: 524288 op, 528127400.00 ns, 1.0073 us/op
WorkloadResult  42: 524288 op, 483829300.00 ns, 922.8312 ns/op
WorkloadResult  43: 524288 op, 434618600.00 ns, 828.9692 ns/op
WorkloadResult  44: 524288 op, 420463300.00 ns, 801.9701 ns/op
WorkloadResult  45: 524288 op, 478569600.00 ns, 912.7991 ns/op
WorkloadResult  46: 524288 op, 513831500.00 ns, 980.0558 ns/op
WorkloadResult  47: 524288 op, 549087300.00 ns, 1.0473 us/op
WorkloadResult  48: 524288 op, 595855200.00 ns, 1.1365 us/op
WorkloadResult  49: 524288 op, 539107300.00 ns, 1.0283 us/op
WorkloadResult  50: 524288 op, 471011900.00 ns, 898.3839 ns/op
WorkloadResult  51: 524288 op, 424736600.00 ns, 810.1208 ns/op
WorkloadResult  52: 524288 op, 423633600.00 ns, 808.0170 ns/op
WorkloadResult  53: 524288 op, 432741600.00 ns, 825.3891 ns/op
WorkloadResult  54: 524288 op, 480398400.00 ns, 916.2872 ns/op
WorkloadResult  55: 524288 op, 492606400.00 ns, 939.5721 ns/op
WorkloadResult  56: 524288 op, 517780900.00 ns, 987.5887 ns/op
WorkloadResult  57: 524288 op, 531205900.00 ns, 1.0132 us/op
WorkloadResult  58: 524288 op, 632915600.00 ns, 1.2072 us/op
WorkloadResult  59: 524288 op, 532694700.00 ns, 1.0160 us/op
WorkloadResult  60: 524288 op, 493923000.00 ns, 942.0834 ns/op
WorkloadResult  61: 524288 op, 433336000.00 ns, 826.5228 ns/op
WorkloadResult  62: 524288 op, 439601600.00 ns, 838.4735 ns/op
WorkloadResult  63: 524288 op, 517905000.00 ns, 987.8254 ns/op
WorkloadResult  64: 524288 op, 605011100.00 ns, 1.1540 us/op
WorkloadResult  65: 524288 op, 563716300.00 ns, 1.0752 us/op
WorkloadResult  66: 524288 op, 534979300.00 ns, 1.0204 us/op
WorkloadResult  67: 524288 op, 455527800.00 ns, 868.8503 ns/op
WorkloadResult  68: 524288 op, 445535100.00 ns, 849.7908 ns/op
WorkloadResult  69: 524288 op, 433053300.00 ns, 825.9836 ns/op
WorkloadResult  70: 524288 op, 463929500.00 ns, 884.8753 ns/op
WorkloadResult  71: 524288 op, 560350000.00 ns, 1.0688 us/op
WorkloadResult  72: 524288 op, 662148500.00 ns, 1.2629 us/op
WorkloadResult  73: 524288 op, 554668000.00 ns, 1.0579 us/op
WorkloadResult  74: 524288 op, 484404500.00 ns, 923.9283 ns/op
WorkloadResult  75: 524288 op, 443489200.00 ns, 845.8885 ns/op
WorkloadResult  76: 524288 op, 426936400.00 ns, 814.3166 ns/op
WorkloadResult  77: 524288 op, 453428000.00 ns, 864.8453 ns/op
WorkloadResult  78: 524288 op, 570868300.00 ns, 1.0888 us/op
WorkloadResult  79: 524288 op, 596662700.00 ns, 1.1380 us/op
WorkloadResult  80: 524288 op, 604958700.00 ns, 1.1539 us/op
WorkloadResult  81: 524288 op, 416110900.00 ns, 793.6686 ns/op
WorkloadResult  82: 524288 op, 385534300.00 ns, 735.3483 ns/op
WorkloadResult  83: 524288 op, 475424700.00 ns, 906.8007 ns/op
WorkloadResult  84: 524288 op, 442673500.00 ns, 844.3327 ns/op
WorkloadResult  85: 524288 op, 449450800.00 ns, 857.2594 ns/op
WorkloadResult  86: 524288 op, 532524600.00 ns, 1.0157 us/op
WorkloadResult  87: 524288 op, 521633200.00 ns, 994.9364 ns/op
WorkloadResult  88: 524288 op, 516698200.00 ns, 985.5236 ns/op
WorkloadResult  89: 524288 op, 515797100.00 ns, 983.8049 ns/op
WorkloadResult  90: 524288 op, 462042000.00 ns, 881.2752 ns/op
WorkloadResult  91: 524288 op, 469887000.00 ns, 896.2383 ns/op
WorkloadResult  92: 524288 op, 474105100.00 ns, 904.2837 ns/op
WorkloadResult  93: 524288 op, 430400900.00 ns, 820.9246 ns/op
WorkloadResult  94: 524288 op, 441351900.00 ns, 841.8119 ns/op
WorkloadResult  95: 524288 op, 590197000.00 ns, 1.1257 us/op
// GC:  0 0 0 2032 524288
// Threading:  0 0 524288


Mean = 998.408 ns, StdErr = 14.214 ns (1.42%), N = 95, StdDev = 138.537 ns
Min = 735.348 ns, Q1 = 897.311 ns, Median = 991.246 ns, Q3 = 1,069.225 ns, Max = 1,377.001 ns
IQR = 171.914 ns, LowerFence = 639.441 ns, UpperFence = 1,327.095 ns
ConfidenceInterval = [950.123 ns; 1,046.692 ns] (CI 99.9%), Margin = 48.285 ns (4.84% of Mean)
Skewness = 0.63, Kurtosis = 3.03, MValue = 3.5

// ** Remained 5 (71.4%) benchmark(s) to run. Estimated finish 2026-08-06 14:28 (0h 5m from now) **
Setup power plan (GUID: 8c5e7fda-e8bf-4a96-9a85-a6e23a8c635c FriendlyName: High performance)
// **************************
// Benchmark: StepBreakdownBenchmarks.'Step 3: Merkle Root SHA-256 Verification (Rust FFI)': InProcess(Toolchain=InProcessEmitToolchain)
// *** Execute ***
// Launch: 1 / 1

// Benchmark Process Environment Information:
// BenchmarkDotNet v0.14.0
// Runtime=.NET 10.0.5 (10.0.526.15411), X64 RyuJIT AVX2
// GC=Concurrent Workstation
// HardwareIntrinsics=AVX2,AES,BMI1,BMI2,FMA,LZCNT,PCLMUL,POPCNT VectorSize=256
// Job: Job-URRYTP(Toolchain=InProcessEmitToolchain)

OverheadJitting  1: 1 op, 1074600.00 ns, 1.0746 ms/op
WorkloadJitting  1: 1 op, 850400.00 ns, 850.4000 us/op

OverheadJitting  2: 16 op, 1460300.00 ns, 91.2688 us/op
WorkloadJitting  2: 16 op, 1793900.00 ns, 112.1188 us/op

WorkloadPilot    1: 16 op, 38300.00 ns, 2.3938 us/op
WorkloadPilot    2: 32 op, 55800.00 ns, 1.7438 us/op
WorkloadPilot    3: 64 op, 107400.00 ns, 1.6781 us/op
WorkloadPilot    4: 128 op, 206800.00 ns, 1.6156 us/op
WorkloadPilot    5: 256 op, 399700.00 ns, 1.5613 us/op
WorkloadPilot    6: 512 op, 1017600.00 ns, 1.9875 us/op
WorkloadPilot    7: 1024 op, 1558400.00 ns, 1.5219 us/op
WorkloadPilot    8: 2048 op, 2586900.00 ns, 1.2631 us/op
WorkloadPilot    9: 4096 op, 5114100.00 ns, 1.2486 us/op
WorkloadPilot   10: 8192 op, 11190800.00 ns, 1.3661 us/op
WorkloadPilot   11: 16384 op, 20927900.00 ns, 1.2773 us/op
WorkloadPilot   12: 32768 op, 40069000.00 ns, 1.2228 us/op
WorkloadPilot   13: 65536 op, 76582700.00 ns, 1.1686 us/op
WorkloadPilot   14: 131072 op, 150741100.00 ns, 1.1501 us/op
WorkloadPilot   15: 262144 op, 256668700.00 ns, 979.1134 ns/op
WorkloadPilot   16: 524288 op, 492801900.00 ns, 939.9450 ns/op
WorkloadPilot   17: 1048576 op, 936801700.00 ns, 893.4037 ns/op

OverheadWarmup   1: 1048576 op, 2548000.00 ns, 2.4300 ns/op
OverheadWarmup   2: 1048576 op, 2586400.00 ns, 2.4666 ns/op
OverheadWarmup   3: 1048576 op, 2589900.00 ns, 2.4699 ns/op
OverheadWarmup   4: 1048576 op, 3329300.00 ns, 3.1751 ns/op
OverheadWarmup   5: 1048576 op, 2870600.00 ns, 2.7376 ns/op
OverheadWarmup   6: 1048576 op, 2893900.00 ns, 2.7598 ns/op
OverheadWarmup   7: 1048576 op, 3612800.00 ns, 3.4454 ns/op
OverheadWarmup   8: 1048576 op, 3110000.00 ns, 2.9659 ns/op

OverheadActual   1: 1048576 op, 2864700.00 ns, 2.7320 ns/op
OverheadActual   2: 1048576 op, 2684800.00 ns, 2.5604 ns/op
OverheadActual   3: 1048576 op, 2995300.00 ns, 2.8565 ns/op
OverheadActual   4: 1048576 op, 2661200.00 ns, 2.5379 ns/op
OverheadActual   5: 1048576 op, 3460900.00 ns, 3.3006 ns/op
OverheadActual   6: 1048576 op, 3024600.00 ns, 2.8845 ns/op
OverheadActual   7: 1048576 op, 2744200.00 ns, 2.6171 ns/op
OverheadActual   8: 1048576 op, 2856100.00 ns, 2.7238 ns/op
OverheadActual   9: 1048576 op, 2806600.00 ns, 2.6766 ns/op
OverheadActual  10: 1048576 op, 2734600.00 ns, 2.6079 ns/op
OverheadActual  11: 1048576 op, 2829000.00 ns, 2.6979 ns/op
OverheadActual  12: 1048576 op, 2859400.00 ns, 2.7269 ns/op
OverheadActual  13: 1048576 op, 2830300.00 ns, 2.6992 ns/op
OverheadActual  14: 1048576 op, 2895100.00 ns, 2.7610 ns/op
OverheadActual  15: 1048576 op, 2839300.00 ns, 2.7078 ns/op

WorkloadWarmup   1: 1048576 op, 1069418700.00 ns, 1.0199 us/op
WorkloadWarmup   2: 1048576 op, 1191483600.00 ns, 1.1363 us/op
WorkloadWarmup   3: 1048576 op, 860958800.00 ns, 821.0743 ns/op
WorkloadWarmup   4: 1048576 op, 800869900.00 ns, 763.7691 ns/op
WorkloadWarmup   5: 1048576 op, 929450000.00 ns, 886.3926 ns/op
WorkloadWarmup   6: 1048576 op, 1233436100.00 ns, 1.1763 us/op
WorkloadWarmup   7: 1048576 op, 1106638100.00 ns, 1.0554 us/op

WorkloadActual   1: 1048576 op, 972226800.00 ns, 927.1877 ns/op
WorkloadActual   2: 1048576 op, 1096153500.00 ns, 1.0454 us/op
WorkloadActual   3: 1048576 op, 1070878600.00 ns, 1.0213 us/op
WorkloadActual   4: 1048576 op, 1060864900.00 ns, 1.0117 us/op
WorkloadActual   5: 1048576 op, 1021460900.00 ns, 974.1410 ns/op
WorkloadActual   6: 1048576 op, 1207922100.00 ns, 1.1520 us/op
WorkloadActual   7: 1048576 op, 1051530100.00 ns, 1.0028 us/op
WorkloadActual   8: 1048576 op, 1028936000.00 ns, 981.2698 ns/op
WorkloadActual   9: 1048576 op, 989932700.00 ns, 944.0734 ns/op
WorkloadActual  10: 1048576 op, 1016020300.00 ns, 968.9525 ns/op
WorkloadActual  11: 1048576 op, 1019287600.00 ns, 972.0684 ns/op
WorkloadActual  12: 1048576 op, 1052016600.00 ns, 1.0033 us/op
WorkloadActual  13: 1048576 op, 988438700.00 ns, 942.6486 ns/op
WorkloadActual  14: 1048576 op, 1107193200.00 ns, 1.0559 us/op
WorkloadActual  15: 1048576 op, 946337100.00 ns, 902.4974 ns/op
WorkloadActual  16: 1048576 op, 839485400.00 ns, 800.5957 ns/op
WorkloadActual  17: 1048576 op, 1227975000.00 ns, 1.1711 us/op
WorkloadActual  18: 1048576 op, 1402170800.00 ns, 1.3372 us/op
WorkloadActual  19: 1048576 op, 930746800.00 ns, 887.6293 ns/op
WorkloadActual  20: 1048576 op, 850140000.00 ns, 810.7567 ns/op
WorkloadActual  21: 1048576 op, 1138955400.00 ns, 1.0862 us/op
WorkloadActual  22: 1048576 op, 1116578800.00 ns, 1.0649 us/op
WorkloadActual  23: 1048576 op, 861405600.00 ns, 821.5004 ns/op
WorkloadActual  24: 1048576 op, 889336600.00 ns, 848.1375 ns/op
WorkloadActual  25: 1048576 op, 1144308100.00 ns, 1.0913 us/op
WorkloadActual  26: 1048576 op, 1176461600.00 ns, 1.1220 us/op
WorkloadActual  27: 1048576 op, 892700000.00 ns, 851.3451 ns/op
WorkloadActual  28: 1048576 op, 892013300.00 ns, 850.6902 ns/op
WorkloadActual  29: 1048576 op, 1038612400.00 ns, 990.4980 ns/op
WorkloadActual  30: 1048576 op, 1194327900.00 ns, 1.1390 us/op
WorkloadActual  31: 1048576 op, 914764300.00 ns, 872.3872 ns/op
WorkloadActual  32: 1048576 op, 876692500.00 ns, 836.0791 ns/op
WorkloadActual  33: 1048576 op, 1001293600.00 ns, 954.9080 ns/op
WorkloadActual  34: 1048576 op, 1057325200.00 ns, 1.0083 us/op
WorkloadActual  35: 1048576 op, 988771500.00 ns, 942.9660 ns/op
WorkloadActual  36: 1048576 op, 1116215900.00 ns, 1.0645 us/op
WorkloadActual  37: 1048576 op, 1172339900.00 ns, 1.1180 us/op
WorkloadActual  38: 1048576 op, 984754600.00 ns, 939.1352 ns/op
WorkloadActual  39: 1048576 op, 1005414600.00 ns, 958.8381 ns/op
WorkloadActual  40: 1048576 op, 931447800.00 ns, 888.2978 ns/op
WorkloadActual  41: 1048576 op, 998774800.00 ns, 952.5059 ns/op
WorkloadActual  42: 1048576 op, 1058960300.00 ns, 1.0099 us/op
WorkloadActual  43: 1048576 op, 1120185700.00 ns, 1.0683 us/op
WorkloadActual  44: 1048576 op, 1035126300.00 ns, 987.1734 ns/op
WorkloadActual  45: 1048576 op, 1030447400.00 ns, 982.7112 ns/op
WorkloadActual  46: 1048576 op, 982976500.00 ns, 937.4394 ns/op
WorkloadActual  47: 1048576 op, 1054953700.00 ns, 1.0061 us/op
WorkloadActual  48: 1048576 op, 996938900.00 ns, 950.7550 ns/op
WorkloadActual  49: 1048576 op, 1061863200.00 ns, 1.0127 us/op
WorkloadActual  50: 1048576 op, 975915000.00 ns, 930.7051 ns/op
WorkloadActual  51: 1048576 op, 943422300.00 ns, 899.7176 ns/op
WorkloadActual  52: 1048576 op, 1058795800.00 ns, 1.0097 us/op
WorkloadActual  53: 1048576 op, 1253422400.00 ns, 1.1954 us/op
WorkloadActual  54: 1048576 op, 1054484800.00 ns, 1.0056 us/op
WorkloadActual  55: 1048576 op, 864765800.00 ns, 824.7049 ns/op
WorkloadActual  56: 1048576 op, 1158726200.00 ns, 1.1050 us/op
WorkloadActual  57: 1048576 op, 1112782400.00 ns, 1.0612 us/op
WorkloadActual  58: 1048576 op, 851554700.00 ns, 812.1058 ns/op
WorkloadActual  59: 1048576 op, 860071400.00 ns, 820.2280 ns/op
WorkloadActual  60: 1048576 op, 1116961100.00 ns, 1.0652 us/op
WorkloadActual  61: 1048576 op, 1204703300.00 ns, 1.1489 us/op
WorkloadActual  62: 1048576 op, 891665400.00 ns, 850.3584 ns/op
WorkloadActual  63: 1048576 op, 840701600.00 ns, 801.7555 ns/op
WorkloadActual  64: 1048576 op, 1254194100.00 ns, 1.1961 us/op
WorkloadActual  65: 1048576 op, 1183588400.00 ns, 1.1288 us/op
WorkloadActual  66: 1048576 op, 938829900.00 ns, 895.3380 ns/op
WorkloadActual  67: 1048576 op, 886972600.00 ns, 845.8830 ns/op
WorkloadActual  68: 1048576 op, 970141700.00 ns, 925.1992 ns/op
WorkloadActual  69: 1048576 op, 958811100.00 ns, 914.3935 ns/op
WorkloadActual  70: 1048576 op, 838925500.00 ns, 800.0617 ns/op
WorkloadActual  71: 1048576 op, 914710000.00 ns, 872.3354 ns/op
WorkloadActual  72: 1048576 op, 1001701300.00 ns, 955.2968 ns/op
WorkloadActual  73: 1048576 op, 996782500.00 ns, 950.6059 ns/op
WorkloadActual  74: 1048576 op, 839076900.00 ns, 800.2061 ns/op
WorkloadActual  75: 1048576 op, 854827500.00 ns, 815.2270 ns/op
WorkloadActual  76: 1048576 op, 1251047600.00 ns, 1.1931 us/op
WorkloadActual  77: 1048576 op, 1173878700.00 ns, 1.1195 us/op
WorkloadActual  78: 1048576 op, 847150400.00 ns, 807.9056 ns/op
WorkloadActual  79: 1048576 op, 946784300.00 ns, 902.9239 ns/op
WorkloadActual  80: 1048576 op, 1228612700.00 ns, 1.1717 us/op
WorkloadActual  81: 1048576 op, 1112141200.00 ns, 1.0606 us/op
WorkloadActual  82: 1048576 op, 856295800.00 ns, 816.6273 ns/op
WorkloadActual  83: 1048576 op, 1032875500.00 ns, 985.0268 ns/op
WorkloadActual  84: 1048576 op, 1202717400.00 ns, 1.1470 us/op
WorkloadActual  85: 1048576 op, 956101700.00 ns, 911.8096 ns/op
WorkloadActual  86: 1048576 op, 991128400.00 ns, 945.2137 ns/op
WorkloadActual  87: 1048576 op, 1250370000.00 ns, 1.1924 us/op
WorkloadActual  88: 1048576 op, 1160292500.00 ns, 1.1065 us/op
WorkloadActual  89: 1048576 op, 911099300.00 ns, 868.8920 ns/op
WorkloadActual  90: 1048576 op, 842355500.00 ns, 803.3328 ns/op
WorkloadActual  91: 1048576 op, 904297400.00 ns, 862.4052 ns/op
WorkloadActual  92: 1048576 op, 1113509200.00 ns, 1.0619 us/op
WorkloadActual  93: 1048576 op, 935992100.00 ns, 892.6316 ns/op
WorkloadActual  94: 1048576 op, 723080800.00 ns, 689.5836 ns/op
WorkloadActual  95: 1048576 op, 818196700.00 ns, 780.2932 ns/op
WorkloadActual  96: 1048576 op, 1009832400.00 ns, 963.0512 ns/op
WorkloadActual  97: 1048576 op, 925069900.00 ns, 882.2154 ns/op
WorkloadActual  98: 1048576 op, 884235200.00 ns, 843.2724 ns/op
WorkloadActual  99: 1048576 op, 915743100.00 ns, 873.3207 ns/op
WorkloadActual  100: 1048576 op, 875431300.00 ns, 834.8763 ns/op

WorkloadResult   1: 1048576 op, 969387500.00 ns, 924.4800 ns/op
WorkloadResult   2: 1048576 op, 1093314200.00 ns, 1.0427 us/op
WorkloadResult   3: 1048576 op, 1068039300.00 ns, 1.0186 us/op
WorkloadResult   4: 1048576 op, 1058025600.00 ns, 1.0090 us/op
WorkloadResult   5: 1048576 op, 1018621600.00 ns, 971.4333 ns/op
WorkloadResult   6: 1048576 op, 1205082800.00 ns, 1.1493 us/op
WorkloadResult   7: 1048576 op, 1048690800.00 ns, 1.0001 us/op
WorkloadResult   8: 1048576 op, 1026096700.00 ns, 978.5621 ns/op
WorkloadResult   9: 1048576 op, 987093400.00 ns, 941.3656 ns/op
WorkloadResult  10: 1048576 op, 1013181000.00 ns, 966.2447 ns/op
WorkloadResult  11: 1048576 op, 1016448300.00 ns, 969.3606 ns/op
WorkloadResult  12: 1048576 op, 1049177300.00 ns, 1.0006 us/op
WorkloadResult  13: 1048576 op, 985599400.00 ns, 939.9408 ns/op
WorkloadResult  14: 1048576 op, 1104353900.00 ns, 1.0532 us/op
WorkloadResult  15: 1048576 op, 943497800.00 ns, 899.7896 ns/op
WorkloadResult  16: 1048576 op, 836646100.00 ns, 797.8879 ns/op
WorkloadResult  17: 1048576 op, 1225135700.00 ns, 1.1684 us/op
WorkloadResult  18: 1048576 op, 1399331500.00 ns, 1.3345 us/op
WorkloadResult  19: 1048576 op, 927907500.00 ns, 884.9216 ns/op
WorkloadResult  20: 1048576 op, 847300700.00 ns, 808.0489 ns/op
WorkloadResult  21: 1048576 op, 1136116100.00 ns, 1.0835 us/op
WorkloadResult  22: 1048576 op, 1113739500.00 ns, 1.0621 us/op
WorkloadResult  23: 1048576 op, 858566300.00 ns, 818.7926 ns/op
WorkloadResult  24: 1048576 op, 886497300.00 ns, 845.4297 ns/op
WorkloadResult  25: 1048576 op, 1141468800.00 ns, 1.0886 us/op
WorkloadResult  26: 1048576 op, 1173622300.00 ns, 1.1193 us/op
WorkloadResult  27: 1048576 op, 889860700.00 ns, 848.6373 ns/op
WorkloadResult  28: 1048576 op, 889174000.00 ns, 847.9824 ns/op
WorkloadResult  29: 1048576 op, 1035773100.00 ns, 987.7902 ns/op
WorkloadResult  30: 1048576 op, 1191488600.00 ns, 1.1363 us/op
WorkloadResult  31: 1048576 op, 911925000.00 ns, 869.6795 ns/op
WorkloadResult  32: 1048576 op, 873853200.00 ns, 833.3714 ns/op
WorkloadResult  33: 1048576 op, 998454300.00 ns, 952.2002 ns/op
WorkloadResult  34: 1048576 op, 1054485900.00 ns, 1.0056 us/op
WorkloadResult  35: 1048576 op, 985932200.00 ns, 940.2582 ns/op
WorkloadResult  36: 1048576 op, 1113376600.00 ns, 1.0618 us/op
WorkloadResult  37: 1048576 op, 1169500600.00 ns, 1.1153 us/op
WorkloadResult  38: 1048576 op, 981915300.00 ns, 936.4274 ns/op
WorkloadResult  39: 1048576 op, 1002575300.00 ns, 956.1303 ns/op
WorkloadResult  40: 1048576 op, 928608500.00 ns, 885.5901 ns/op
WorkloadResult  41: 1048576 op, 995935500.00 ns, 949.7981 ns/op
WorkloadResult  42: 1048576 op, 1056121000.00 ns, 1.0072 us/op
WorkloadResult  43: 1048576 op, 1117346400.00 ns, 1.0656 us/op
WorkloadResult  44: 1048576 op, 1032287000.00 ns, 984.4656 ns/op
WorkloadResult  45: 1048576 op, 1027608100.00 ns, 980.0035 ns/op
WorkloadResult  46: 1048576 op, 980137200.00 ns, 934.7317 ns/op
WorkloadResult  47: 1048576 op, 1052114400.00 ns, 1.0034 us/op
WorkloadResult  48: 1048576 op, 994099600.00 ns, 948.0473 ns/op
WorkloadResult  49: 1048576 op, 1059023900.00 ns, 1.0100 us/op
WorkloadResult  50: 1048576 op, 973075700.00 ns, 927.9973 ns/op
WorkloadResult  51: 1048576 op, 940583000.00 ns, 897.0098 ns/op
WorkloadResult  52: 1048576 op, 1055956500.00 ns, 1.0070 us/op
WorkloadResult  53: 1048576 op, 1250583100.00 ns, 1.1926 us/op
WorkloadResult  54: 1048576 op, 1051645500.00 ns, 1.0029 us/op
WorkloadResult  55: 1048576 op, 861926500.00 ns, 821.9972 ns/op
WorkloadResult  56: 1048576 op, 1155886900.00 ns, 1.1023 us/op
WorkloadResult  57: 1048576 op, 1109943100.00 ns, 1.0585 us/op
WorkloadResult  58: 1048576 op, 848715400.00 ns, 809.3981 ns/op
WorkloadResult  59: 1048576 op, 857232100.00 ns, 817.5202 ns/op
WorkloadResult  60: 1048576 op, 1114121800.00 ns, 1.0625 us/op
WorkloadResult  61: 1048576 op, 1201864000.00 ns, 1.1462 us/op
WorkloadResult  62: 1048576 op, 888826100.00 ns, 847.6506 ns/op
WorkloadResult  63: 1048576 op, 837862300.00 ns, 799.0478 ns/op
WorkloadResult  64: 1048576 op, 1251354800.00 ns, 1.1934 us/op
WorkloadResult  65: 1048576 op, 1180749100.00 ns, 1.1261 us/op
WorkloadResult  66: 1048576 op, 935990600.00 ns, 892.6302 ns/op
WorkloadResult  67: 1048576 op, 884133300.00 ns, 843.1752 ns/op
WorkloadResult  68: 1048576 op, 967302400.00 ns, 922.4915 ns/op
WorkloadResult  69: 1048576 op, 955971800.00 ns, 911.6858 ns/op
WorkloadResult  70: 1048576 op, 836086200.00 ns, 797.3539 ns/op
WorkloadResult  71: 1048576 op, 911870700.00 ns, 869.6277 ns/op
WorkloadResult  72: 1048576 op, 998862000.00 ns, 952.5890 ns/op
WorkloadResult  73: 1048576 op, 993943200.00 ns, 947.8981 ns/op
WorkloadResult  74: 1048576 op, 836237600.00 ns, 797.4983 ns/op
WorkloadResult  75: 1048576 op, 851988200.00 ns, 812.5193 ns/op
WorkloadResult  76: 1048576 op, 1248208300.00 ns, 1.1904 us/op
WorkloadResult  77: 1048576 op, 1171039400.00 ns, 1.1168 us/op
WorkloadResult  78: 1048576 op, 844311100.00 ns, 805.1978 ns/op
WorkloadResult  79: 1048576 op, 943945000.00 ns, 900.2161 ns/op
WorkloadResult  80: 1048576 op, 1225773400.00 ns, 1.1690 us/op
WorkloadResult  81: 1048576 op, 1109301900.00 ns, 1.0579 us/op
WorkloadResult  82: 1048576 op, 853456500.00 ns, 813.9195 ns/op
WorkloadResult  83: 1048576 op, 1030036200.00 ns, 982.3191 ns/op
WorkloadResult  84: 1048576 op, 1199878100.00 ns, 1.1443 us/op
WorkloadResult  85: 1048576 op, 953262400.00 ns, 909.1019 ns/op
WorkloadResult  86: 1048576 op, 988289100.00 ns, 942.5059 ns/op
WorkloadResult  87: 1048576 op, 1247530700.00 ns, 1.1897 us/op
WorkloadResult  88: 1048576 op, 1157453200.00 ns, 1.1038 us/op
WorkloadResult  89: 1048576 op, 908260000.00 ns, 866.1842 ns/op
WorkloadResult  90: 1048576 op, 839516200.00 ns, 800.6250 ns/op
WorkloadResult  91: 1048576 op, 901458100.00 ns, 859.6974 ns/op
WorkloadResult  92: 1048576 op, 1110669900.00 ns, 1.0592 us/op
WorkloadResult  93: 1048576 op, 933152800.00 ns, 889.9239 ns/op
WorkloadResult  94: 1048576 op, 720241500.00 ns, 686.8758 ns/op
WorkloadResult  95: 1048576 op, 815357400.00 ns, 777.5854 ns/op
WorkloadResult  96: 1048576 op, 1006993100.00 ns, 960.3435 ns/op
WorkloadResult  97: 1048576 op, 922230600.00 ns, 879.5076 ns/op
WorkloadResult  98: 1048576 op, 881395900.00 ns, 840.5646 ns/op
WorkloadResult  99: 1048576 op, 912903800.00 ns, 870.6129 ns/op
WorkloadResult  100: 1048576 op, 872592000.00 ns, 832.1686 ns/op
// GC:  0 0 0 2032 1048576
// Threading:  0 0 1048576


Mean = 963.445 ns, StdErr = 12.214 ns (1.27%), N = 100, StdDev = 122.143 ns
Min = 686.876 ns, Q1 = 868.767 ns, Median = 950.999 ns, Q3 = 1,058.066 ns, Max = 1,334.507 ns
IQR = 189.299 ns, LowerFence = 584.819 ns, UpperFence = 1,342.014 ns
ConfidenceInterval = [922.020 ns; 1,004.870 ns] (CI 99.9%), Margin = 41.425 ns (4.30% of Mean)
Skewness = 0.4, Kurtosis = 2.66, MValue = 3.33

// ** Remained 4 (57.1%) benchmark(s) to run. Estimated finish 2026-08-06 14:30 (0h 5m from now) **
Setup power plan (GUID: 8c5e7fda-e8bf-4a96-9a85-a6e23a8c635c FriendlyName: High performance)
// **************************
// Benchmark: StepBreakdownBenchmarks.'Step 4: NDA Binary Document Proof Verification': InProcess(Toolchain=InProcessEmitToolchain)
// *** Execute ***
// Launch: 1 / 1

// Benchmark Process Environment Information:
// BenchmarkDotNet v0.14.0
// Runtime=.NET 10.0.5 (10.0.526.15411), X64 RyuJIT AVX2
// GC=Concurrent Workstation
// HardwareIntrinsics=AVX2,AES,BMI1,BMI2,FMA,LZCNT,PCLMUL,POPCNT VectorSize=256
// Job: Job-URRYTP(Toolchain=InProcessEmitToolchain)

OverheadJitting  1: 1 op, 332000.00 ns, 332.0000 us/op
WorkloadJitting  1: 1 op, 515400.00 ns, 515.4000 us/op

OverheadJitting  2: 16 op, 640400.00 ns, 40.0250 us/op
WorkloadJitting  2: 16 op, 803900.00 ns, 50.2438 us/op

WorkloadPilot    1: 16 op, 13300.00 ns, 831.2500 ns/op
WorkloadPilot    2: 32 op, 16200.00 ns, 506.2500 ns/op
WorkloadPilot    3: 64 op, 39000.00 ns, 609.3750 ns/op
WorkloadPilot    4: 128 op, 65400.00 ns, 510.9375 ns/op
WorkloadPilot    5: 256 op, 108600.00 ns, 424.2188 ns/op
WorkloadPilot    6: 512 op, 279100.00 ns, 545.1172 ns/op
WorkloadPilot    7: 1024 op, 471400.00 ns, 460.3516 ns/op
WorkloadPilot    8: 2048 op, 1145000.00 ns, 559.0820 ns/op
WorkloadPilot    9: 4096 op, 1713400.00 ns, 418.3105 ns/op
WorkloadPilot   10: 8192 op, 3905500.00 ns, 476.7456 ns/op
WorkloadPilot   11: 16384 op, 8237300.00 ns, 502.7649 ns/op
WorkloadPilot   12: 32768 op, 14773300.00 ns, 450.8453 ns/op
WorkloadPilot   13: 65536 op, 29283000.00 ns, 446.8231 ns/op
WorkloadPilot   14: 131072 op, 61511700.00 ns, 469.2970 ns/op
WorkloadPilot   15: 262144 op, 121430100.00 ns, 463.2191 ns/op
WorkloadPilot   16: 524288 op, 269874700.00 ns, 514.7451 ns/op
WorkloadPilot   17: 1048576 op, 506309300.00 ns, 482.8542 ns/op

OverheadWarmup   1: 1048576 op, 3831600.00 ns, 3.6541 ns/op
OverheadWarmup   2: 1048576 op, 3829300.00 ns, 3.6519 ns/op
OverheadWarmup   3: 1048576 op, 3721500.00 ns, 3.5491 ns/op
OverheadWarmup   4: 1048576 op, 3302600.00 ns, 3.1496 ns/op
OverheadWarmup   5: 1048576 op, 3369500.00 ns, 3.2134 ns/op
OverheadWarmup   6: 1048576 op, 3386600.00 ns, 3.2297 ns/op
OverheadWarmup   7: 1048576 op, 2957500.00 ns, 2.8205 ns/op
OverheadWarmup   8: 1048576 op, 2928900.00 ns, 2.7932 ns/op
OverheadWarmup   9: 1048576 op, 3664400.00 ns, 3.4946 ns/op
OverheadWarmup  10: 1048576 op, 2956900.00 ns, 2.8199 ns/op

OverheadActual   1: 1048576 op, 2882600.00 ns, 2.7491 ns/op
OverheadActual   2: 1048576 op, 2926700.00 ns, 2.7911 ns/op
OverheadActual   3: 1048576 op, 2827200.00 ns, 2.6962 ns/op
OverheadActual   4: 1048576 op, 2789100.00 ns, 2.6599 ns/op
OverheadActual   5: 1048576 op, 2841400.00 ns, 2.7098 ns/op
OverheadActual   6: 1048576 op, 2844900.00 ns, 2.7131 ns/op
OverheadActual   7: 1048576 op, 2847700.00 ns, 2.7158 ns/op
OverheadActual   8: 1048576 op, 2840500.00 ns, 2.7089 ns/op
OverheadActual   9: 1048576 op, 3163600.00 ns, 3.0170 ns/op
OverheadActual  10: 1048576 op, 2793200.00 ns, 2.6638 ns/op
OverheadActual  11: 1048576 op, 3265000.00 ns, 3.1137 ns/op
OverheadActual  12: 1048576 op, 2875300.00 ns, 2.7421 ns/op
OverheadActual  13: 1048576 op, 2835800.00 ns, 2.7044 ns/op
OverheadActual  14: 1048576 op, 2960000.00 ns, 2.8229 ns/op
OverheadActual  15: 1048576 op, 2928800.00 ns, 2.7931 ns/op

WorkloadWarmup   1: 1048576 op, 466620900.00 ns, 445.0044 ns/op
WorkloadWarmup   2: 1048576 op, 412248300.00 ns, 393.1506 ns/op
WorkloadWarmup   3: 1048576 op, 545172300.00 ns, 519.9168 ns/op
WorkloadWarmup   4: 1048576 op, 636217400.00 ns, 606.7442 ns/op
WorkloadWarmup   5: 1048576 op, 564074000.00 ns, 537.9429 ns/op
WorkloadWarmup   6: 1048576 op, 469892800.00 ns, 448.1247 ns/op
WorkloadWarmup   7: 1048576 op, 430603500.00 ns, 410.6555 ns/op
WorkloadWarmup   8: 1048576 op, 477772000.00 ns, 455.6389 ns/op
WorkloadWarmup   9: 1048576 op, 503478500.00 ns, 480.1545 ns/op
WorkloadWarmup  10: 1048576 op, 426953100.00 ns, 407.1742 ns/op

WorkloadActual   1: 1048576 op, 454067700.00 ns, 433.0327 ns/op
WorkloadActual   2: 1048576 op, 469453800.00 ns, 447.7060 ns/op
WorkloadActual   3: 1048576 op, 509587200.00 ns, 485.9802 ns/op
WorkloadActual   4: 1048576 op, 571722200.00 ns, 545.2368 ns/op
WorkloadActual   5: 1048576 op, 518072700.00 ns, 494.0726 ns/op
WorkloadActual   6: 1048576 op, 490581700.00 ns, 467.8552 ns/op
WorkloadActual   7: 1048576 op, 538217600.00 ns, 513.2843 ns/op
WorkloadActual   8: 1048576 op, 480271800.00 ns, 458.0229 ns/op
WorkloadActual   9: 1048576 op, 501392300.00 ns, 478.1650 ns/op
WorkloadActual  10: 1048576 op, 514257600.00 ns, 490.4343 ns/op
WorkloadActual  11: 1048576 op, 525559000.00 ns, 501.2121 ns/op
WorkloadActual  12: 1048576 op, 530144100.00 ns, 505.5848 ns/op
WorkloadActual  13: 1048576 op, 435640600.00 ns, 415.4593 ns/op
WorkloadActual  14: 1048576 op, 407254800.00 ns, 388.3884 ns/op
WorkloadActual  15: 1048576 op, 405518600.00 ns, 386.7327 ns/op
WorkloadActual  16: 1048576 op, 412606400.00 ns, 393.4921 ns/op
WorkloadActual  17: 1048576 op, 498732500.00 ns, 475.6284 ns/op
WorkloadActual  18: 1048576 op, 489949400.00 ns, 467.2522 ns/op
WorkloadActual  19: 1048576 op, 477955100.00 ns, 455.8135 ns/op
WorkloadActual  20: 1048576 op, 480510800.00 ns, 458.2508 ns/op
WorkloadActual  21: 1048576 op, 472771700.00 ns, 450.8702 ns/op
WorkloadActual  22: 1048576 op, 454977800.00 ns, 433.9006 ns/op
WorkloadActual  23: 1048576 op, 417903900.00 ns, 398.5442 ns/op
WorkloadActual  24: 1048576 op, 404156600.00 ns, 385.4338 ns/op
WorkloadActual  25: 1048576 op, 416401000.00 ns, 397.1109 ns/op
WorkloadActual  26: 1048576 op, 478896700.00 ns, 456.7115 ns/op
WorkloadActual  27: 1048576 op, 555977200.00 ns, 530.2212 ns/op
WorkloadActual  28: 1048576 op, 493577600.00 ns, 470.7123 ns/op
WorkloadActual  29: 1048576 op, 567551500.00 ns, 541.2593 ns/op
WorkloadActual  30: 1048576 op, 572556700.00 ns, 546.0326 ns/op
WorkloadActual  31: 1048576 op, 521444700.00 ns, 497.2884 ns/op
WorkloadActual  32: 1048576 op, 478546700.00 ns, 456.3777 ns/op
WorkloadActual  33: 1048576 op, 518816000.00 ns, 494.7815 ns/op
WorkloadActual  34: 1048576 op, 695471300.00 ns, 663.2531 ns/op
WorkloadActual  35: 1048576 op, 757466100.00 ns, 722.3760 ns/op
WorkloadActual  36: 1048576 op, 653659300.00 ns, 623.3781 ns/op
WorkloadActual  37: 1048576 op, 499917000.00 ns, 476.7580 ns/op
WorkloadActual  38: 1048576 op, 429183700.00 ns, 409.3015 ns/op
WorkloadActual  39: 1048576 op, 409794800.00 ns, 390.8108 ns/op
WorkloadActual  40: 1048576 op, 425117600.00 ns, 405.4237 ns/op
WorkloadActual  41: 1048576 op, 531285600.00 ns, 506.6734 ns/op
WorkloadActual  42: 1048576 op, 556730600.00 ns, 530.9397 ns/op
WorkloadActual  43: 1048576 op, 533788900.00 ns, 509.0608 ns/op
WorkloadActual  44: 1048576 op, 575209100.00 ns, 548.5621 ns/op
WorkloadActual  45: 1048576 op, 607075800.00 ns, 578.9526 ns/op
WorkloadActual  46: 1048576 op, 531439400.00 ns, 506.8201 ns/op
WorkloadActual  47: 1048576 op, 434425500.00 ns, 414.3004 ns/op
WorkloadActual  48: 1048576 op, 525353200.00 ns, 501.0159 ns/op
WorkloadActual  49: 1048576 op, 512422100.00 ns, 488.6838 ns/op
WorkloadActual  50: 1048576 op, 510480100.00 ns, 486.8318 ns/op
WorkloadActual  51: 1048576 op, 616304800.00 ns, 587.7541 ns/op
WorkloadActual  52: 1048576 op, 495774300.00 ns, 472.8072 ns/op
WorkloadActual  53: 1048576 op, 473295100.00 ns, 451.3694 ns/op
WorkloadActual  54: 1048576 op, 420936700.00 ns, 401.4365 ns/op
WorkloadActual  55: 1048576 op, 398903000.00 ns, 380.4235 ns/op
WorkloadActual  56: 1048576 op, 432648900.00 ns, 412.6061 ns/op
WorkloadActual  57: 1048576 op, 481504600.00 ns, 459.1986 ns/op
WorkloadActual  58: 1048576 op, 529969400.00 ns, 505.4182 ns/op
WorkloadActual  59: 1048576 op, 488377900.00 ns, 465.7535 ns/op
WorkloadActual  60: 1048576 op, 440273600.00 ns, 419.8776 ns/op
WorkloadActual  61: 1048576 op, 409910300.00 ns, 390.9209 ns/op
WorkloadActual  62: 1048576 op, 495745200.00 ns, 472.7795 ns/op
WorkloadActual  63: 1048576 op, 472143700.00 ns, 450.2713 ns/op
WorkloadActual  64: 1048576 op, 418825800.00 ns, 399.4234 ns/op
WorkloadActual  65: 1048576 op, 449493800.00 ns, 428.6707 ns/op
WorkloadActual  66: 1048576 op, 476055500.00 ns, 454.0019 ns/op
WorkloadActual  67: 1048576 op, 524599900.00 ns, 500.2975 ns/op
WorkloadActual  68: 1048576 op, 542549500.00 ns, 517.4155 ns/op
WorkloadActual  69: 1048576 op, 432806700.00 ns, 412.7566 ns/op
WorkloadActual  70: 1048576 op, 410145800.00 ns, 391.1455 ns/op
WorkloadActual  71: 1048576 op, 398168200.00 ns, 379.7228 ns/op
WorkloadActual  72: 1048576 op, 417012400.00 ns, 397.6940 ns/op
WorkloadActual  73: 1048576 op, 456749800.00 ns, 435.5906 ns/op
WorkloadActual  74: 1048576 op, 481028600.00 ns, 458.7446 ns/op
WorkloadActual  75: 1048576 op, 598587500.00 ns, 570.8575 ns/op
WorkloadActual  76: 1048576 op, 570558900.00 ns, 544.1274 ns/op
WorkloadActual  77: 1048576 op, 561469500.00 ns, 535.4590 ns/op
WorkloadActual  78: 1048576 op, 493890500.00 ns, 471.0107 ns/op
WorkloadActual  79: 1048576 op, 446912400.00 ns, 426.2089 ns/op
WorkloadActual  80: 1048576 op, 435463600.00 ns, 415.2905 ns/op
WorkloadActual  81: 1048576 op, 649370000.00 ns, 619.2875 ns/op
WorkloadActual  82: 1048576 op, 597988800.00 ns, 570.2866 ns/op
WorkloadActual  83: 1048576 op, 644450300.00 ns, 614.5957 ns/op
WorkloadActual  84: 1048576 op, 594531100.00 ns, 566.9890 ns/op
WorkloadActual  85: 1048576 op, 460146700.00 ns, 438.8301 ns/op
WorkloadActual  86: 1048576 op, 428664700.00 ns, 408.8065 ns/op
WorkloadActual  87: 1048576 op, 442473000.00 ns, 421.9751 ns/op
WorkloadActual  88: 1048576 op, 523934900.00 ns, 499.6633 ns/op
WorkloadActual  89: 1048576 op, 767889000.00 ns, 732.3160 ns/op
WorkloadActual  90: 1048576 op, 880250300.00 ns, 839.4721 ns/op
WorkloadActual  91: 1048576 op, 785521100.00 ns, 749.1313 ns/op
WorkloadActual  92: 1048576 op, 785506200.00 ns, 749.1171 ns/op
WorkloadActual  93: 1048576 op, 514495600.00 ns, 490.6612 ns/op
WorkloadActual  94: 1048576 op, 735688800.00 ns, 701.6075 ns/op
WorkloadActual  95: 1048576 op, 797061200.00 ns, 760.1368 ns/op
WorkloadActual  96: 1048576 op, 824649400.00 ns, 786.4470 ns/op
WorkloadActual  97: 1048576 op, 655030500.00 ns, 624.6858 ns/op
WorkloadActual  98: 1048576 op, 539725400.00 ns, 514.7223 ns/op
WorkloadActual  99: 1048576 op, 503572400.00 ns, 480.2441 ns/op
WorkloadActual  100: 1048576 op, 603208700.00 ns, 575.2646 ns/op

WorkloadResult   1: 1048576 op, 451220000.00 ns, 430.3169 ns/op
WorkloadResult   2: 1048576 op, 466606100.00 ns, 444.9903 ns/op
WorkloadResult   3: 1048576 op, 506739500.00 ns, 483.2644 ns/op
WorkloadResult   4: 1048576 op, 568874500.00 ns, 542.5210 ns/op
WorkloadResult   5: 1048576 op, 515225000.00 ns, 491.3568 ns/op
WorkloadResult   6: 1048576 op, 487734000.00 ns, 465.1394 ns/op
WorkloadResult   7: 1048576 op, 535369900.00 ns, 510.5685 ns/op
WorkloadResult   8: 1048576 op, 477424100.00 ns, 455.3071 ns/op
WorkloadResult   9: 1048576 op, 498544600.00 ns, 475.4492 ns/op
WorkloadResult  10: 1048576 op, 511409900.00 ns, 487.7185 ns/op
WorkloadResult  11: 1048576 op, 522711300.00 ns, 498.4963 ns/op
WorkloadResult  12: 1048576 op, 527296400.00 ns, 502.8690 ns/op
WorkloadResult  13: 1048576 op, 432792900.00 ns, 412.7435 ns/op
WorkloadResult  14: 1048576 op, 404407100.00 ns, 385.6727 ns/op
WorkloadResult  15: 1048576 op, 402670900.00 ns, 384.0169 ns/op
WorkloadResult  16: 1048576 op, 409758700.00 ns, 390.7763 ns/op
WorkloadResult  17: 1048576 op, 495884800.00 ns, 472.9126 ns/op
WorkloadResult  18: 1048576 op, 487101700.00 ns, 464.5364 ns/op
WorkloadResult  19: 1048576 op, 475107400.00 ns, 453.0977 ns/op
WorkloadResult  20: 1048576 op, 477663100.00 ns, 455.5350 ns/op
WorkloadResult  21: 1048576 op, 469924000.00 ns, 448.1544 ns/op
WorkloadResult  22: 1048576 op, 452130100.00 ns, 431.1849 ns/op
WorkloadResult  23: 1048576 op, 415056200.00 ns, 395.8284 ns/op
WorkloadResult  24: 1048576 op, 401308900.00 ns, 382.7180 ns/op
WorkloadResult  25: 1048576 op, 413553300.00 ns, 394.3952 ns/op
WorkloadResult  26: 1048576 op, 476049000.00 ns, 453.9957 ns/op
WorkloadResult  27: 1048576 op, 553129500.00 ns, 527.5054 ns/op
WorkloadResult  28: 1048576 op, 490729900.00 ns, 467.9965 ns/op
WorkloadResult  29: 1048576 op, 564703800.00 ns, 538.5435 ns/op
WorkloadResult  30: 1048576 op, 569709000.00 ns, 543.3168 ns/op
WorkloadResult  31: 1048576 op, 518597000.00 ns, 494.5726 ns/op
WorkloadResult  32: 1048576 op, 475699000.00 ns, 453.6619 ns/op
WorkloadResult  33: 1048576 op, 515968300.00 ns, 492.0657 ns/op
WorkloadResult  34: 1048576 op, 692623600.00 ns, 660.5373 ns/op
WorkloadResult  35: 1048576 op, 650811600.00 ns, 620.6623 ns/op
WorkloadResult  36: 1048576 op, 497069300.00 ns, 474.0422 ns/op
WorkloadResult  37: 1048576 op, 426336000.00 ns, 406.5857 ns/op
WorkloadResult  38: 1048576 op, 406947100.00 ns, 388.0950 ns/op
WorkloadResult  39: 1048576 op, 422269900.00 ns, 402.7080 ns/op
WorkloadResult  40: 1048576 op, 528437900.00 ns, 503.9577 ns/op
WorkloadResult  41: 1048576 op, 553882900.00 ns, 528.2239 ns/op
WorkloadResult  42: 1048576 op, 530941200.00 ns, 506.3450 ns/op
WorkloadResult  43: 1048576 op, 572361400.00 ns, 545.8464 ns/op
WorkloadResult  44: 1048576 op, 604228100.00 ns, 576.2368 ns/op
WorkloadResult  45: 1048576 op, 528591700.00 ns, 504.1043 ns/op
WorkloadResult  46: 1048576 op, 431577800.00 ns, 411.5847 ns/op
WorkloadResult  47: 1048576 op, 522505500.00 ns, 498.3001 ns/op
WorkloadResult  48: 1048576 op, 509574400.00 ns, 485.9680 ns/op
WorkloadResult  49: 1048576 op, 507632400.00 ns, 484.1160 ns/op
WorkloadResult  50: 1048576 op, 613457100.00 ns, 585.0383 ns/op
WorkloadResult  51: 1048576 op, 492926600.00 ns, 470.0914 ns/op
WorkloadResult  52: 1048576 op, 470447400.00 ns, 448.6536 ns/op
WorkloadResult  53: 1048576 op, 418089000.00 ns, 398.7207 ns/op
WorkloadResult  54: 1048576 op, 396055300.00 ns, 377.7078 ns/op
WorkloadResult  55: 1048576 op, 429801200.00 ns, 409.8904 ns/op
WorkloadResult  56: 1048576 op, 478656900.00 ns, 456.4828 ns/op
WorkloadResult  57: 1048576 op, 527121700.00 ns, 502.7024 ns/op
WorkloadResult  58: 1048576 op, 485530200.00 ns, 463.0377 ns/op
WorkloadResult  59: 1048576 op, 437425900.00 ns, 417.1618 ns/op
WorkloadResult  60: 1048576 op, 407062600.00 ns, 388.2051 ns/op
WorkloadResult  61: 1048576 op, 492897500.00 ns, 470.0637 ns/op
WorkloadResult  62: 1048576 op, 469296000.00 ns, 447.5555 ns/op
WorkloadResult  63: 1048576 op, 415978100.00 ns, 396.7076 ns/op
WorkloadResult  64: 1048576 op, 446646100.00 ns, 425.9549 ns/op
WorkloadResult  65: 1048576 op, 473207800.00 ns, 451.2861 ns/op
WorkloadResult  66: 1048576 op, 521752200.00 ns, 497.5817 ns/op
WorkloadResult  67: 1048576 op, 539701800.00 ns, 514.6997 ns/op
WorkloadResult  68: 1048576 op, 429959000.00 ns, 410.0409 ns/op
WorkloadResult  69: 1048576 op, 407298100.00 ns, 388.4297 ns/op
WorkloadResult  70: 1048576 op, 395320500.00 ns, 377.0070 ns/op
WorkloadResult  71: 1048576 op, 414164700.00 ns, 394.9782 ns/op
WorkloadResult  72: 1048576 op, 453902100.00 ns, 432.8748 ns/op
WorkloadResult  73: 1048576 op, 478180900.00 ns, 456.0288 ns/op
WorkloadResult  74: 1048576 op, 595739800.00 ns, 568.1417 ns/op
WorkloadResult  75: 1048576 op, 567711200.00 ns, 541.4116 ns/op
WorkloadResult  76: 1048576 op, 558621800.00 ns, 532.7433 ns/op
WorkloadResult  77: 1048576 op, 491042800.00 ns, 468.2949 ns/op
WorkloadResult  78: 1048576 op, 444064700.00 ns, 423.4931 ns/op
WorkloadResult  79: 1048576 op, 432615900.00 ns, 412.5747 ns/op
WorkloadResult  80: 1048576 op, 646522300.00 ns, 616.5717 ns/op
WorkloadResult  81: 1048576 op, 595141100.00 ns, 567.5708 ns/op
WorkloadResult  82: 1048576 op, 641602600.00 ns, 611.8799 ns/op
WorkloadResult  83: 1048576 op, 591683400.00 ns, 564.2733 ns/op
WorkloadResult  84: 1048576 op, 457299000.00 ns, 436.1143 ns/op
WorkloadResult  85: 1048576 op, 425817000.00 ns, 406.0907 ns/op
WorkloadResult  86: 1048576 op, 439625300.00 ns, 419.2594 ns/op
WorkloadResult  87: 1048576 op, 521087200.00 ns, 496.9475 ns/op
WorkloadResult  88: 1048576 op, 511647900.00 ns, 487.9455 ns/op
WorkloadResult  89: 1048576 op, 652182800.00 ns, 621.9700 ns/op
WorkloadResult  90: 1048576 op, 536877700.00 ns, 512.0065 ns/op
WorkloadResult  91: 1048576 op, 500724700.00 ns, 477.5283 ns/op
WorkloadResult  92: 1048576 op, 600361000.00 ns, 572.5489 ns/op
// GC:  0 0 0 2032 1048576
// Threading:  0 0 1048576


Mean = 473.335 ns, StdErr = 6.753 ns (1.43%), N = 92, StdDev = 64.770 ns
Min = 377.007 ns, Q1 = 418.735 ns, Median = 468.146 ns, Q3 = 504.664 ns, Max = 660.537 ns
IQR = 85.930 ns, LowerFence = 289.841 ns, UpperFence = 633.559 ns
ConfidenceInterval = [450.371 ns; 496.299 ns] (CI 99.9%), Margin = 22.964 ns (4.85% of Mean)
Skewness = 0.62, Kurtosis = 2.87, MValue = 3.44

// ** Remained 3 (42.9%) benchmark(s) to run. Estimated finish 2026-08-06 14:30 (0h 3m from now) **
Setup power plan (GUID: 8c5e7fda-e8bf-4a96-9a85-a6e23a8c635c FriendlyName: High performance)
// **************************
// Benchmark: StepBreakdownBenchmarks.'Step 5: VCTP Packet Header Construction': InProcess(Toolchain=InProcessEmitToolchain)
// *** Execute ***
// Launch: 1 / 1

// Benchmark Process Environment Information:
// BenchmarkDotNet v0.14.0
// Runtime=.NET 10.0.5 (10.0.526.15411), X64 RyuJIT AVX2
// GC=Concurrent Workstation
// HardwareIntrinsics=AVX2,AES,BMI1,BMI2,FMA,LZCNT,PCLMUL,POPCNT VectorSize=256
// Job: Job-URRYTP(Toolchain=InProcessEmitToolchain)

OverheadJitting  1: 1 op, 715300.00 ns, 715.3000 us/op
WorkloadJitting  1: 1 op, 518700.00 ns, 518.7000 us/op

OverheadJitting  2: 16 op, 780500.00 ns, 48.7813 us/op
WorkloadJitting  2: 16 op, 1009700.00 ns, 63.1063 us/op

WorkloadPilot    1: 16 op, 9700.00 ns, 606.2500 ns/op
WorkloadPilot    2: 32 op, 2700.00 ns, 84.3750 ns/op
WorkloadPilot    3: 64 op, 3300.00 ns, 51.5625 ns/op
WorkloadPilot    4: 128 op, 5500.00 ns, 42.9688 ns/op
WorkloadPilot    5: 256 op, 8400.00 ns, 32.8125 ns/op
WorkloadPilot    6: 512 op, 15000.00 ns, 29.2969 ns/op
WorkloadPilot    7: 1024 op, 30000.00 ns, 29.2969 ns/op
WorkloadPilot    8: 2048 op, 55700.00 ns, 27.1973 ns/op
WorkloadPilot    9: 4096 op, 109600.00 ns, 26.7578 ns/op
WorkloadPilot   10: 8192 op, 249900.00 ns, 30.5054 ns/op
WorkloadPilot   11: 16384 op, 303500.00 ns, 18.5242 ns/op
WorkloadPilot   12: 32768 op, 599200.00 ns, 18.2861 ns/op
WorkloadPilot   13: 65536 op, 1391600.00 ns, 21.2341 ns/op
WorkloadPilot   14: 131072 op, 2518100.00 ns, 19.2116 ns/op
WorkloadPilot   15: 262144 op, 5028000.00 ns, 19.1803 ns/op
WorkloadPilot   16: 524288 op, 10211400.00 ns, 19.4767 ns/op
WorkloadPilot   17: 1048576 op, 24409600.00 ns, 23.2788 ns/op
WorkloadPilot   18: 2097152 op, 43994400.00 ns, 20.9782 ns/op
WorkloadPilot   19: 4194304 op, 94073500.00 ns, 22.4289 ns/op
WorkloadPilot   20: 8388608 op, 169576700.00 ns, 20.2151 ns/op
WorkloadPilot   21: 16777216 op, 289891000.00 ns, 17.2789 ns/op
WorkloadPilot   22: 33554432 op, 557287800.00 ns, 16.6085 ns/op

OverheadWarmup   1: 33554432 op, 106406100.00 ns, 3.1711 ns/op
OverheadWarmup   2: 33554432 op, 97465800.00 ns, 2.9047 ns/op
OverheadWarmup   3: 33554432 op, 94061900.00 ns, 2.8033 ns/op
OverheadWarmup   4: 33554432 op, 93008400.00 ns, 2.7719 ns/op
OverheadWarmup   5: 33554432 op, 91309800.00 ns, 2.7212 ns/op
OverheadWarmup   6: 33554432 op, 90372900.00 ns, 2.6933 ns/op
OverheadWarmup   7: 33554432 op, 90957600.00 ns, 2.7107 ns/op
OverheadWarmup   8: 33554432 op, 89688300.00 ns, 2.6729 ns/op
OverheadWarmup   9: 33554432 op, 89497700.00 ns, 2.6672 ns/op
OverheadWarmup  10: 33554432 op, 89724400.00 ns, 2.6740 ns/op

OverheadActual   1: 33554432 op, 99172700.00 ns, 2.9556 ns/op
OverheadActual   2: 33554432 op, 112864000.00 ns, 3.3636 ns/op
OverheadActual   3: 33554432 op, 113038900.00 ns, 3.3688 ns/op
OverheadActual   4: 33554432 op, 120250200.00 ns, 3.5837 ns/op
OverheadActual   5: 33554432 op, 138244400.00 ns, 4.1200 ns/op
OverheadActual   6: 33554432 op, 150186000.00 ns, 4.4759 ns/op
OverheadActual   7: 33554432 op, 136782600.00 ns, 4.0764 ns/op
OverheadActual   8: 33554432 op, 123417300.00 ns, 3.6781 ns/op
OverheadActual   9: 33554432 op, 119690400.00 ns, 3.5671 ns/op
OverheadActual  10: 33554432 op, 113731300.00 ns, 3.3895 ns/op
OverheadActual  11: 33554432 op, 111161400.00 ns, 3.3129 ns/op
OverheadActual  12: 33554432 op, 109881500.00 ns, 3.2747 ns/op
OverheadActual  13: 33554432 op, 109800700.00 ns, 3.2723 ns/op
OverheadActual  14: 33554432 op, 112689500.00 ns, 3.3584 ns/op
OverheadActual  15: 33554432 op, 106490800.00 ns, 3.1737 ns/op
OverheadActual  16: 33554432 op, 110759700.00 ns, 3.3009 ns/op
OverheadActual  17: 33554432 op, 105196900.00 ns, 3.1351 ns/op
OverheadActual  18: 33554432 op, 102726900.00 ns, 3.0615 ns/op
OverheadActual  19: 33554432 op, 100730000.00 ns, 3.0020 ns/op
OverheadActual  20: 33554432 op, 98739000.00 ns, 2.9427 ns/op

WorkloadWarmup   1: 33554432 op, 554934100.00 ns, 16.5383 ns/op
WorkloadWarmup   2: 33554432 op, 424801200.00 ns, 12.6601 ns/op
WorkloadWarmup   3: 33554432 op, 508328100.00 ns, 15.1494 ns/op
WorkloadWarmup   4: 33554432 op, 516329200.00 ns, 15.3878 ns/op
WorkloadWarmup   5: 33554432 op, 591854300.00 ns, 17.6386 ns/op
WorkloadWarmup   6: 33554432 op, 832892200.00 ns, 24.8221 ns/op
WorkloadWarmup   7: 33554432 op, 852916200.00 ns, 25.4189 ns/op
WorkloadWarmup   8: 33554432 op, 908419800.00 ns, 27.0730 ns/op
WorkloadWarmup   9: 33554432 op, 881714100.00 ns, 26.2771 ns/op
WorkloadWarmup  10: 33554432 op, 929395400.00 ns, 27.6981 ns/op
WorkloadWarmup  11: 33554432 op, 848937400.00 ns, 25.3003 ns/op

WorkloadActual   1: 33554432 op, 708396200.00 ns, 21.1119 ns/op
WorkloadActual   2: 33554432 op, 896663500.00 ns, 26.7227 ns/op
WorkloadActual   3: 33554432 op, 814186400.00 ns, 24.2646 ns/op
WorkloadActual   4: 33554432 op, 867077200.00 ns, 25.8409 ns/op
WorkloadActual   5: 33554432 op, 832004300.00 ns, 24.7957 ns/op
WorkloadActual   6: 33554432 op, 575564500.00 ns, 17.1532 ns/op
WorkloadActual   7: 33554432 op, 527028900.00 ns, 15.7067 ns/op
WorkloadActual   8: 33554432 op, 540564900.00 ns, 16.1101 ns/op
WorkloadActual   9: 33554432 op, 536457000.00 ns, 15.9877 ns/op
WorkloadActual  10: 33554432 op, 841970300.00 ns, 25.0927 ns/op
WorkloadActual  11: 33554432 op, 818849700.00 ns, 24.4036 ns/op
WorkloadActual  12: 33554432 op, 628626300.00 ns, 18.7345 ns/op
WorkloadActual  13: 33554432 op, 555485100.00 ns, 16.5547 ns/op
WorkloadActual  14: 33554432 op, 601652200.00 ns, 17.9306 ns/op
WorkloadActual  15: 33554432 op, 676401700.00 ns, 20.1583 ns/op
WorkloadActual  16: 33554432 op, 721747700.00 ns, 21.5098 ns/op
WorkloadActual  17: 33554432 op, 891833000.00 ns, 26.5787 ns/op
WorkloadActual  18: 33554432 op, 831794500.00 ns, 24.7894 ns/op
WorkloadActual  19: 33554432 op, 617903100.00 ns, 18.4149 ns/op
WorkloadActual  20: 33554432 op, 521878800.00 ns, 15.5532 ns/op
WorkloadActual  21: 33554432 op, 540369900.00 ns, 16.1043 ns/op
WorkloadActual  22: 33554432 op, 480430900.00 ns, 14.3180 ns/op
WorkloadActual  23: 33554432 op, 479734000.00 ns, 14.2972 ns/op
WorkloadActual  24: 33554432 op, 550444600.00 ns, 16.4045 ns/op
WorkloadActual  25: 33554432 op, 674501800.00 ns, 20.1017 ns/op
WorkloadActual  26: 33554432 op, 539746300.00 ns, 16.0857 ns/op
WorkloadActual  27: 33554432 op, 520125800.00 ns, 15.5010 ns/op
WorkloadActual  28: 33554432 op, 567514200.00 ns, 16.9132 ns/op
WorkloadActual  29: 33554432 op, 631154500.00 ns, 18.8099 ns/op
WorkloadActual  30: 33554432 op, 628030400.00 ns, 18.7168 ns/op
WorkloadActual  31: 33554432 op, 595443600.00 ns, 17.7456 ns/op
WorkloadActual  32: 33554432 op, 522080000.00 ns, 15.5592 ns/op
WorkloadActual  33: 33554432 op, 535515300.00 ns, 15.9596 ns/op
WorkloadActual  34: 33554432 op, 506900300.00 ns, 15.1068 ns/op
WorkloadActual  35: 33554432 op, 516377200.00 ns, 15.3892 ns/op
WorkloadActual  36: 33554432 op, 562639000.00 ns, 16.7679 ns/op
WorkloadActual  37: 33554432 op, 572718600.00 ns, 17.0683 ns/op
WorkloadActual  38: 33554432 op, 556061700.00 ns, 16.5719 ns/op
WorkloadActual  39: 33554432 op, 450282100.00 ns, 13.4195 ns/op
WorkloadActual  40: 33554432 op, 451600400.00 ns, 13.4587 ns/op
WorkloadActual  41: 33554432 op, 433382500.00 ns, 12.9158 ns/op
WorkloadActual  42: 33554432 op, 424173200.00 ns, 12.6413 ns/op
WorkloadActual  43: 33554432 op, 444068600.00 ns, 13.2343 ns/op
WorkloadActual  44: 33554432 op, 482600900.00 ns, 14.3826 ns/op
WorkloadActual  45: 33554432 op, 490449500.00 ns, 14.6165 ns/op
WorkloadActual  46: 33554432 op, 512888200.00 ns, 15.2853 ns/op
WorkloadActual  47: 33554432 op, 495355200.00 ns, 14.7627 ns/op
WorkloadActual  48: 33554432 op, 475433000.00 ns, 14.1690 ns/op
WorkloadActual  49: 33554432 op, 601739400.00 ns, 17.9332 ns/op
WorkloadActual  50: 33554432 op, 580272600.00 ns, 17.2935 ns/op
WorkloadActual  51: 33554432 op, 707803000.00 ns, 21.0942 ns/op
WorkloadActual  52: 33554432 op, 628383200.00 ns, 18.7273 ns/op
WorkloadActual  53: 33554432 op, 537848000.00 ns, 16.0291 ns/op
WorkloadActual  54: 33554432 op, 457477300.00 ns, 13.6339 ns/op
WorkloadActual  55: 33554432 op, 392837800.00 ns, 11.7075 ns/op
WorkloadActual  56: 33554432 op, 424822300.00 ns, 12.6607 ns/op
WorkloadActual  57: 33554432 op, 475013900.00 ns, 14.1565 ns/op
WorkloadActual  58: 33554432 op, 463890400.00 ns, 13.8250 ns/op
WorkloadActual  59: 33554432 op, 473838700.00 ns, 14.1215 ns/op
WorkloadActual  60: 33554432 op, 477957700.00 ns, 14.2442 ns/op
WorkloadActual  61: 33554432 op, 546621100.00 ns, 16.2906 ns/op
WorkloadActual  62: 33554432 op, 484628200.00 ns, 14.4430 ns/op
WorkloadActual  63: 33554432 op, 459133700.00 ns, 13.6833 ns/op
WorkloadActual  64: 33554432 op, 574034400.00 ns, 17.1076 ns/op
WorkloadActual  65: 33554432 op, 658448500.00 ns, 19.6233 ns/op
WorkloadActual  66: 33554432 op, 647902500.00 ns, 19.3090 ns/op
WorkloadActual  67: 33554432 op, 869090800.00 ns, 25.9009 ns/op
WorkloadActual  68: 33554432 op, 991920400.00 ns, 29.5615 ns/op
WorkloadActual  69: 33554432 op, 834062800.00 ns, 24.8570 ns/op
WorkloadActual  70: 33554432 op, 646580200.00 ns, 19.2696 ns/op
WorkloadActual  71: 33554432 op, 616408900.00 ns, 18.3704 ns/op
WorkloadActual  72: 33554432 op, 614138400.00 ns, 18.3028 ns/op
WorkloadActual  73: 33554432 op, 746261400.00 ns, 22.2403 ns/op
WorkloadActual  74: 33554432 op, 640388500.00 ns, 19.0851 ns/op
WorkloadActual  75: 33554432 op, 681466900.00 ns, 20.3093 ns/op
WorkloadActual  76: 33554432 op, 584356800.00 ns, 17.4152 ns/op
WorkloadActual  77: 33554432 op, 587418000.00 ns, 17.5064 ns/op
WorkloadActual  78: 33554432 op, 516334900.00 ns, 15.3880 ns/op
WorkloadActual  79: 33554432 op, 529994300.00 ns, 15.7951 ns/op
WorkloadActual  80: 33554432 op, 572849200.00 ns, 17.0722 ns/op
WorkloadActual  81: 33554432 op, 810919700.00 ns, 24.1673 ns/op
WorkloadActual  82: 33554432 op, 719410000.00 ns, 21.4401 ns/op
WorkloadActual  83: 33554432 op, 585120400.00 ns, 17.4379 ns/op
WorkloadActual  84: 33554432 op, 491047700.00 ns, 14.6344 ns/op
WorkloadActual  85: 33554432 op, 517837000.00 ns, 15.4327 ns/op
WorkloadActual  86: 33554432 op, 536978900.00 ns, 16.0032 ns/op
WorkloadActual  87: 33554432 op, 594194600.00 ns, 17.7084 ns/op
WorkloadActual  88: 33554432 op, 668642000.00 ns, 19.9271 ns/op
WorkloadActual  89: 33554432 op, 559047100.00 ns, 16.6609 ns/op
WorkloadActual  90: 33554432 op, 510786900.00 ns, 15.2226 ns/op
WorkloadActual  91: 33554432 op, 540343800.00 ns, 16.1035 ns/op
WorkloadActual  92: 33554432 op, 715048500.00 ns, 21.3101 ns/op
WorkloadActual  93: 33554432 op, 692419300.00 ns, 20.6357 ns/op
WorkloadActual  94: 33554432 op, 531393100.00 ns, 15.8367 ns/op
WorkloadActual  95: 33554432 op, 575493700.00 ns, 17.1510 ns/op
WorkloadActual  96: 33554432 op, 579188900.00 ns, 17.2612 ns/op
WorkloadActual  97: 33554432 op, 494917000.00 ns, 14.7497 ns/op
WorkloadActual  98: 33554432 op, 477582300.00 ns, 14.2331 ns/op
WorkloadActual  99: 33554432 op, 500450200.00 ns, 14.9146 ns/op
WorkloadActual  100: 33554432 op, 556766000.00 ns, 16.5929 ns/op

WorkloadResult   1: 33554432 op, 596470750.00 ns, 17.7762 ns/op
WorkloadResult   2: 33554432 op, 702260950.00 ns, 20.9290 ns/op
WorkloadResult   3: 33554432 op, 720078850.00 ns, 21.4600 ns/op
WorkloadResult   4: 33554432 op, 463639050.00 ns, 13.8175 ns/op
WorkloadResult   5: 33554432 op, 415103450.00 ns, 12.3710 ns/op
WorkloadResult   6: 33554432 op, 428639450.00 ns, 12.7745 ns/op
WorkloadResult   7: 33554432 op, 424531550.00 ns, 12.6520 ns/op
WorkloadResult   8: 33554432 op, 730044850.00 ns, 21.7570 ns/op
WorkloadResult   9: 33554432 op, 706924250.00 ns, 21.0680 ns/op
WorkloadResult  10: 33554432 op, 516700850.00 ns, 15.3989 ns/op
WorkloadResult  11: 33554432 op, 443559650.00 ns, 13.2191 ns/op
WorkloadResult  12: 33554432 op, 489726750.00 ns, 14.5950 ns/op
WorkloadResult  13: 33554432 op, 564476250.00 ns, 16.8227 ns/op
WorkloadResult  14: 33554432 op, 609822250.00 ns, 18.1741 ns/op
WorkloadResult  15: 33554432 op, 719869050.00 ns, 21.4538 ns/op
WorkloadResult  16: 33554432 op, 505977650.00 ns, 15.0793 ns/op
WorkloadResult  17: 33554432 op, 409953350.00 ns, 12.2176 ns/op
WorkloadResult  18: 33554432 op, 428444450.00 ns, 12.7686 ns/op
WorkloadResult  19: 33554432 op, 368505450.00 ns, 10.9823 ns/op
WorkloadResult  20: 33554432 op, 367808550.00 ns, 10.9615 ns/op
WorkloadResult  21: 33554432 op, 438519150.00 ns, 13.0689 ns/op
WorkloadResult  22: 33554432 op, 562576350.00 ns, 16.7661 ns/op
WorkloadResult  23: 33554432 op, 427820850.00 ns, 12.7501 ns/op
WorkloadResult  24: 33554432 op, 408200350.00 ns, 12.1653 ns/op
WorkloadResult  25: 33554432 op, 455588750.00 ns, 13.5776 ns/op
WorkloadResult  26: 33554432 op, 519229050.00 ns, 15.4742 ns/op
WorkloadResult  27: 33554432 op, 516104950.00 ns, 15.3811 ns/op
WorkloadResult  28: 33554432 op, 483518150.00 ns, 14.4100 ns/op
WorkloadResult  29: 33554432 op, 410154550.00 ns, 12.2236 ns/op
WorkloadResult  30: 33554432 op, 423589850.00 ns, 12.6240 ns/op
WorkloadResult  31: 33554432 op, 394974850.00 ns, 11.7712 ns/op
WorkloadResult  32: 33554432 op, 404451750.00 ns, 12.0536 ns/op
WorkloadResult  33: 33554432 op, 450713550.00 ns, 13.4323 ns/op
WorkloadResult  34: 33554432 op, 460793150.00 ns, 13.7327 ns/op
WorkloadResult  35: 33554432 op, 444136250.00 ns, 13.2363 ns/op
WorkloadResult  36: 33554432 op, 338356650.00 ns, 10.0838 ns/op
WorkloadResult  37: 33554432 op, 339674950.00 ns, 10.1231 ns/op
WorkloadResult  38: 33554432 op, 321457050.00 ns, 9.5802 ns/op
WorkloadResult  39: 33554432 op, 312247750.00 ns, 9.3057 ns/op
WorkloadResult  40: 33554432 op, 332143150.00 ns, 9.8986 ns/op
WorkloadResult  41: 33554432 op, 370675450.00 ns, 11.0470 ns/op
WorkloadResult  42: 33554432 op, 378524050.00 ns, 11.2809 ns/op
WorkloadResult  43: 33554432 op, 400962750.00 ns, 11.9496 ns/op
WorkloadResult  44: 33554432 op, 383429750.00 ns, 11.4271 ns/op
WorkloadResult  45: 33554432 op, 363507550.00 ns, 10.8334 ns/op
WorkloadResult  46: 33554432 op, 489813950.00 ns, 14.5976 ns/op
WorkloadResult  47: 33554432 op, 468347150.00 ns, 13.9578 ns/op
WorkloadResult  48: 33554432 op, 595877550.00 ns, 17.7585 ns/op
WorkloadResult  49: 33554432 op, 516457750.00 ns, 15.3916 ns/op
WorkloadResult  50: 33554432 op, 425922550.00 ns, 12.6935 ns/op
WorkloadResult  51: 33554432 op, 345551850.00 ns, 10.2982 ns/op
WorkloadResult  52: 33554432 op, 280912350.00 ns, 8.3718 ns/op
WorkloadResult  53: 33554432 op, 312896850.00 ns, 9.3251 ns/op
WorkloadResult  54: 33554432 op, 363088450.00 ns, 10.8209 ns/op
WorkloadResult  55: 33554432 op, 351964950.00 ns, 10.4894 ns/op
WorkloadResult  56: 33554432 op, 361913250.00 ns, 10.7859 ns/op
WorkloadResult  57: 33554432 op, 366032250.00 ns, 10.9086 ns/op
WorkloadResult  58: 33554432 op, 434695650.00 ns, 12.9549 ns/op
WorkloadResult  59: 33554432 op, 372702750.00 ns, 11.1074 ns/op
WorkloadResult  60: 33554432 op, 347208250.00 ns, 10.3476 ns/op
WorkloadResult  61: 33554432 op, 462108950.00 ns, 13.7719 ns/op
WorkloadResult  62: 33554432 op, 546523050.00 ns, 16.2877 ns/op
WorkloadResult  63: 33554432 op, 535977050.00 ns, 15.9734 ns/op
WorkloadResult  64: 33554432 op, 722137350.00 ns, 21.5214 ns/op
WorkloadResult  65: 33554432 op, 534654750.00 ns, 15.9340 ns/op
WorkloadResult  66: 33554432 op, 504483450.00 ns, 15.0348 ns/op
WorkloadResult  67: 33554432 op, 502212950.00 ns, 14.9671 ns/op
WorkloadResult  68: 33554432 op, 634335950.00 ns, 18.9047 ns/op
WorkloadResult  69: 33554432 op, 528463050.00 ns, 15.7494 ns/op
WorkloadResult  70: 33554432 op, 569541450.00 ns, 16.9737 ns/op
WorkloadResult  71: 33554432 op, 472431350.00 ns, 14.0796 ns/op
WorkloadResult  72: 33554432 op, 475492550.00 ns, 14.1708 ns/op
WorkloadResult  73: 33554432 op, 404409450.00 ns, 12.0523 ns/op
WorkloadResult  74: 33554432 op, 418068850.00 ns, 12.4594 ns/op
WorkloadResult  75: 33554432 op, 460923750.00 ns, 13.7366 ns/op
WorkloadResult  76: 33554432 op, 698994250.00 ns, 20.8317 ns/op
WorkloadResult  77: 33554432 op, 607484550.00 ns, 18.1045 ns/op
WorkloadResult  78: 33554432 op, 473194950.00 ns, 14.1023 ns/op
WorkloadResult  79: 33554432 op, 379122250.00 ns, 11.2987 ns/op
WorkloadResult  80: 33554432 op, 405911550.00 ns, 12.0971 ns/op
WorkloadResult  81: 33554432 op, 425053450.00 ns, 12.6676 ns/op
WorkloadResult  82: 33554432 op, 482269150.00 ns, 14.3727 ns/op
WorkloadResult  83: 33554432 op, 556716550.00 ns, 16.5914 ns/op
WorkloadResult  84: 33554432 op, 447121650.00 ns, 13.3253 ns/op
WorkloadResult  85: 33554432 op, 398861450.00 ns, 11.8870 ns/op
WorkloadResult  86: 33554432 op, 428418350.00 ns, 12.7679 ns/op
WorkloadResult  87: 33554432 op, 603123050.00 ns, 17.9745 ns/op
WorkloadResult  88: 33554432 op, 580493850.00 ns, 17.3001 ns/op
WorkloadResult  89: 33554432 op, 419467650.00 ns, 12.5011 ns/op
WorkloadResult  90: 33554432 op, 463568250.00 ns, 13.8154 ns/op
WorkloadResult  91: 33554432 op, 467263450.00 ns, 13.9255 ns/op
WorkloadResult  92: 33554432 op, 382991550.00 ns, 11.4140 ns/op
WorkloadResult  93: 33554432 op, 365656850.00 ns, 10.8974 ns/op
WorkloadResult  94: 33554432 op, 388524750.00 ns, 11.5789 ns/op
WorkloadResult  95: 33554432 op, 444840550.00 ns, 13.2573 ns/op
// GC:  0 0 0 2032 33554432
// Threading:  0 0 33554432


Mean = 13.859 ns, StdErr = 0.318 ns (2.30%), N = 95, StdDev = 3.101 ns
Min = 8.372 ns, Q1 = 11.675 ns, Median = 13.236 ns, Q3 = 15.395 ns, Max = 21.757 ns
IQR = 3.720 ns, LowerFence = 6.095 ns, UpperFence = 20.976 ns
ConfidenceInterval = [12.778 ns; 14.940 ns] (CI 99.9%), Margin = 1.081 ns (7.80% of Mean)
Skewness = 0.87, Kurtosis = 3.23, MValue = 2.08

// ** Remained 2 (28.6%) benchmark(s) to run. Estimated finish 2026-08-06 14:30 (0h 2m from now) **
Setup power plan (GUID: 8c5e7fda-e8bf-4a96-9a85-a6e23a8c635c FriendlyName: High performance)
// **************************
// Benchmark: StepBreakdownBenchmarks.'Step 6: Tier-2 Bump Arena Payload Allocation': InProcess(Toolchain=InProcessEmitToolchain)
// *** Execute ***
// Launch: 1 / 1

// Benchmark Process Environment Information:
// BenchmarkDotNet v0.14.0
// Runtime=.NET 10.0.5 (10.0.526.15411), X64 RyuJIT AVX2
// GC=Concurrent Workstation
// HardwareIntrinsics=AVX2,AES,BMI1,BMI2,FMA,LZCNT,PCLMUL,POPCNT VectorSize=256
// Job: Job-URRYTP(Toolchain=InProcessEmitToolchain)

OverheadJitting  1: 1 op, 743700.00 ns, 743.7000 us/op
WorkloadJitting  1: 1 op, 645700.00 ns, 645.7000 us/op

OverheadJitting  2: 16 op, 796300.00 ns, 49.7688 us/op
WorkloadJitting  2: 16 op, 1315100.00 ns, 82.1938 us/op

WorkloadPilot    1: 16 op, 5900.00 ns, 368.7500 ns/op
WorkloadPilot    2: 32 op, 2800.00 ns, 87.5000 ns/op
WorkloadPilot    3: 64 op, 3900.00 ns, 60.9375 ns/op
WorkloadPilot    4: 128 op, 6000.00 ns, 46.8750 ns/op
WorkloadPilot    5: 256 op, 9800.00 ns, 38.2813 ns/op
WorkloadPilot    6: 512 op, 11300.00 ns, 22.0703 ns/op
WorkloadPilot    7: 1024 op, 21100.00 ns, 20.6055 ns/op
WorkloadPilot    8: 2048 op, 39800.00 ns, 19.4336 ns/op
WorkloadPilot    9: 4096 op, 77400.00 ns, 18.8965 ns/op
WorkloadPilot   10: 8192 op, 160300.00 ns, 19.5679 ns/op
WorkloadPilot   11: 16384 op, 520100.00 ns, 31.7444 ns/op
WorkloadPilot   12: 32768 op, 637300.00 ns, 19.4489 ns/op
WorkloadPilot   13: 65536 op, 1332200.00 ns, 20.3278 ns/op
WorkloadPilot   14: 131072 op, 3536900.00 ns, 26.9844 ns/op
WorkloadPilot   15: 262144 op, 5642400.00 ns, 21.5240 ns/op
WorkloadPilot   16: 524288 op, 10522000.00 ns, 20.0691 ns/op
WorkloadPilot   17: 1048576 op, 21505000.00 ns, 20.5088 ns/op
WorkloadPilot   18: 2097152 op, 45175500.00 ns, 21.5414 ns/op
WorkloadPilot   19: 4194304 op, 63009700.00 ns, 15.0227 ns/op
WorkloadPilot   20: 8388608 op, 124197700.00 ns, 14.8055 ns/op
WorkloadPilot   21: 16777216 op, 239857800.00 ns, 14.2966 ns/op
WorkloadPilot   22: 33554432 op, 468365500.00 ns, 13.9584 ns/op
WorkloadPilot   23: 67108864 op, 903804000.00 ns, 13.4677 ns/op

OverheadWarmup   1: 67108864 op, 188514100.00 ns, 2.8091 ns/op
OverheadWarmup   2: 67108864 op, 189376100.00 ns, 2.8219 ns/op
OverheadWarmup   3: 67108864 op, 186419700.00 ns, 2.7779 ns/op
OverheadWarmup   4: 67108864 op, 182456700.00 ns, 2.7188 ns/op
OverheadWarmup   5: 67108864 op, 180716400.00 ns, 2.6929 ns/op
OverheadWarmup   6: 67108864 op, 183002100.00 ns, 2.7269 ns/op
OverheadWarmup   7: 67108864 op, 185131000.00 ns, 2.7587 ns/op
OverheadWarmup   8: 67108864 op, 179711600.00 ns, 2.6779 ns/op

OverheadActual   1: 67108864 op, 184049200.00 ns, 2.7425 ns/op
OverheadActual   2: 67108864 op, 186017500.00 ns, 2.7719 ns/op
OverheadActual   3: 67108864 op, 189008500.00 ns, 2.8164 ns/op
OverheadActual   4: 67108864 op, 176458800.00 ns, 2.6294 ns/op
OverheadActual   5: 67108864 op, 173935900.00 ns, 2.5918 ns/op
OverheadActual   6: 67108864 op, 173418300.00 ns, 2.5841 ns/op
OverheadActual   7: 67108864 op, 190125900.00 ns, 2.8331 ns/op
OverheadActual   8: 67108864 op, 176506000.00 ns, 2.6301 ns/op
OverheadActual   9: 67108864 op, 166669200.00 ns, 2.4836 ns/op
OverheadActual  10: 67108864 op, 159616700.00 ns, 2.3785 ns/op
OverheadActual  11: 67108864 op, 161066200.00 ns, 2.4001 ns/op
OverheadActual  12: 67108864 op, 173504400.00 ns, 2.5854 ns/op
OverheadActual  13: 67108864 op, 175916100.00 ns, 2.6214 ns/op
OverheadActual  14: 67108864 op, 187397900.00 ns, 2.7924 ns/op
OverheadActual  15: 67108864 op, 184432900.00 ns, 2.7483 ns/op
OverheadActual  16: 67108864 op, 187915700.00 ns, 2.8002 ns/op
OverheadActual  17: 67108864 op, 182246900.00 ns, 2.7157 ns/op
OverheadActual  18: 67108864 op, 219095000.00 ns, 3.2648 ns/op
OverheadActual  19: 67108864 op, 218404300.00 ns, 3.2545 ns/op
OverheadActual  20: 67108864 op, 219325300.00 ns, 3.2682 ns/op

WorkloadWarmup   1: 67108864 op, 1006305500.00 ns, 14.9951 ns/op
WorkloadWarmup   2: 67108864 op, 897444600.00 ns, 13.3730 ns/op
WorkloadWarmup   3: 67108864 op, 755257100.00 ns, 11.2542 ns/op
WorkloadWarmup   4: 67108864 op, 811462000.00 ns, 12.0917 ns/op
WorkloadWarmup   5: 67108864 op, 988314300.00 ns, 14.7270 ns/op
WorkloadWarmup   6: 67108864 op, 950065200.00 ns, 14.1571 ns/op
WorkloadWarmup   7: 67108864 op, 885577500.00 ns, 13.1961 ns/op
WorkloadWarmup   8: 67108864 op, 880309600.00 ns, 13.1176 ns/op
WorkloadWarmup   9: 67108864 op, 1105379900.00 ns, 16.4714 ns/op
WorkloadWarmup  10: 67108864 op, 969252400.00 ns, 14.4430 ns/op

WorkloadActual   1: 67108864 op, 800160100.00 ns, 11.9233 ns/op
WorkloadActual   2: 67108864 op, 767838200.00 ns, 11.4417 ns/op
WorkloadActual   3: 67108864 op, 900631200.00 ns, 13.4205 ns/op
WorkloadActual   4: 67108864 op, 891749900.00 ns, 13.2881 ns/op
WorkloadActual   5: 67108864 op, 833657900.00 ns, 12.4225 ns/op
WorkloadActual   6: 67108864 op, 765762000.00 ns, 11.4107 ns/op
WorkloadActual   7: 67108864 op, 868091400.00 ns, 12.9356 ns/op
WorkloadActual   8: 67108864 op, 943021000.00 ns, 14.0521 ns/op
WorkloadActual   9: 67108864 op, 1099572500.00 ns, 16.3849 ns/op
WorkloadActual  10: 67108864 op, 845046700.00 ns, 12.5922 ns/op
WorkloadActual  11: 67108864 op, 749351400.00 ns, 11.1662 ns/op
WorkloadActual  12: 67108864 op, 836746600.00 ns, 12.4685 ns/op
WorkloadActual  13: 67108864 op, 972521500.00 ns, 14.4917 ns/op
WorkloadActual  14: 67108864 op, 888920900.00 ns, 13.2460 ns/op
WorkloadActual  15: 67108864 op, 870640400.00 ns, 12.9736 ns/op
WorkloadActual  16: 67108864 op, 792573100.00 ns, 11.8103 ns/op
WorkloadActual  17: 67108864 op, 900721000.00 ns, 13.4218 ns/op
WorkloadActual  18: 67108864 op, 911432800.00 ns, 13.5814 ns/op
WorkloadActual  19: 67108864 op, 873276600.00 ns, 13.0128 ns/op
WorkloadActual  20: 67108864 op, 954503800.00 ns, 14.2232 ns/op
WorkloadActual  21: 67108864 op, 1169026500.00 ns, 17.4199 ns/op
WorkloadActual  22: 67108864 op, 971494300.00 ns, 14.4764 ns/op
WorkloadActual  23: 67108864 op, 820905500.00 ns, 12.2324 ns/op
WorkloadActual  24: 67108864 op, 878677300.00 ns, 13.0933 ns/op
WorkloadActual  25: 67108864 op, 1298816200.00 ns, 19.3539 ns/op
WorkloadActual  26: 67108864 op, 1153606000.00 ns, 17.1901 ns/op
WorkloadActual  27: 67108864 op, 1007113000.00 ns, 15.0072 ns/op
WorkloadActual  28: 67108864 op, 1010393600.00 ns, 15.0560 ns/op
WorkloadActual  29: 67108864 op, 1099101200.00 ns, 16.3779 ns/op
WorkloadActual  30: 67108864 op, 977940700.00 ns, 14.5725 ns/op
WorkloadActual  31: 67108864 op, 854208500.00 ns, 12.7287 ns/op
WorkloadActual  32: 67108864 op, 746163700.00 ns, 11.1187 ns/op
WorkloadActual  33: 67108864 op, 799330000.00 ns, 11.9109 ns/op
WorkloadActual  34: 67108864 op, 903111600.00 ns, 13.4574 ns/op
WorkloadActual  35: 67108864 op, 820432600.00 ns, 12.2254 ns/op
WorkloadActual  36: 67108864 op, 732370200.00 ns, 10.9132 ns/op
WorkloadActual  37: 67108864 op, 735336200.00 ns, 10.9574 ns/op
WorkloadActual  38: 67108864 op, 893617300.00 ns, 13.3159 ns/op
WorkloadActual  39: 67108864 op, 1117623800.00 ns, 16.6539 ns/op
WorkloadActual  40: 67108864 op, 909129600.00 ns, 13.5471 ns/op
WorkloadActual  41: 67108864 op, 767167100.00 ns, 11.4317 ns/op
WorkloadActual  42: 67108864 op, 799886100.00 ns, 11.9192 ns/op
WorkloadActual  43: 67108864 op, 1504759400.00 ns, 22.4227 ns/op
WorkloadActual  44: 67108864 op, 998865000.00 ns, 14.8842 ns/op
WorkloadActual  45: 67108864 op, 924664400.00 ns, 13.7786 ns/op
WorkloadActual  46: 67108864 op, 1263739600.00 ns, 18.8312 ns/op
WorkloadActual  47: 67108864 op, 1100834800.00 ns, 16.4037 ns/op
WorkloadActual  48: 67108864 op, 852044000.00 ns, 12.6964 ns/op
WorkloadActual  49: 67108864 op, 774962300.00 ns, 11.5478 ns/op
WorkloadActual  50: 67108864 op, 844665900.00 ns, 12.5865 ns/op
WorkloadActual  51: 67108864 op, 1152934800.00 ns, 17.1801 ns/op
WorkloadActual  52: 67108864 op, 982599400.00 ns, 14.6419 ns/op
WorkloadActual  53: 67108864 op, 818600700.00 ns, 12.1981 ns/op
WorkloadActual  54: 67108864 op, 947228500.00 ns, 14.1148 ns/op
WorkloadActual  55: 67108864 op, 914634400.00 ns, 13.6291 ns/op
WorkloadActual  56: 67108864 op, 851656500.00 ns, 12.6907 ns/op
WorkloadActual  57: 67108864 op, 960236300.00 ns, 14.3086 ns/op
WorkloadActual  58: 67108864 op, 1068141400.00 ns, 15.9165 ns/op
WorkloadActual  59: 67108864 op, 886396400.00 ns, 13.2083 ns/op
WorkloadActual  60: 67108864 op, 816919700.00 ns, 12.1731 ns/op
WorkloadActual  61: 67108864 op, 929294500.00 ns, 13.8476 ns/op
WorkloadActual  62: 67108864 op, 895946300.00 ns, 13.3506 ns/op
WorkloadActual  63: 67108864 op, 1028410700.00 ns, 15.3245 ns/op
WorkloadActual  64: 67108864 op, 975348500.00 ns, 14.5338 ns/op
WorkloadActual  65: 67108864 op, 1178971200.00 ns, 17.5680 ns/op
WorkloadActual  66: 67108864 op, 1066764200.00 ns, 15.8960 ns/op
WorkloadActual  67: 67108864 op, 928305800.00 ns, 13.8328 ns/op
WorkloadActual  68: 67108864 op, 947123800.00 ns, 14.1132 ns/op
WorkloadActual  69: 67108864 op, 1124147700.00 ns, 16.7511 ns/op
WorkloadActual  70: 67108864 op, 1092028200.00 ns, 16.2725 ns/op
WorkloadActual  71: 67108864 op, 1028833400.00 ns, 15.3308 ns/op
WorkloadActual  72: 67108864 op, 897512300.00 ns, 13.3740 ns/op
WorkloadActual  73: 67108864 op, 891080500.00 ns, 13.2781 ns/op
WorkloadActual  74: 67108864 op, 962439400.00 ns, 14.3415 ns/op
WorkloadActual  75: 67108864 op, 968594000.00 ns, 14.4332 ns/op
WorkloadActual  76: 67108864 op, 1240813600.00 ns, 18.4896 ns/op
WorkloadActual  77: 67108864 op, 1055817300.00 ns, 15.7329 ns/op
WorkloadActual  78: 67108864 op, 1081765200.00 ns, 16.1196 ns/op
WorkloadActual  79: 67108864 op, 1085741400.00 ns, 16.1788 ns/op
WorkloadActual  80: 67108864 op, 1275172700.00 ns, 19.0016 ns/op
WorkloadActual  81: 67108864 op, 1095136500.00 ns, 16.3188 ns/op
WorkloadActual  82: 67108864 op, 976931200.00 ns, 14.5574 ns/op
WorkloadActual  83: 67108864 op, 1117725800.00 ns, 16.6554 ns/op
WorkloadActual  84: 67108864 op, 1013268000.00 ns, 15.0989 ns/op
WorkloadActual  85: 67108864 op, 1030666200.00 ns, 15.3581 ns/op
WorkloadActual  86: 67108864 op, 1144158000.00 ns, 17.0493 ns/op
WorkloadActual  87: 67108864 op, 1466178500.00 ns, 21.8478 ns/op
WorkloadActual  88: 67108864 op, 994637400.00 ns, 14.8213 ns/op
WorkloadActual  89: 67108864 op, 948196200.00 ns, 14.1292 ns/op
WorkloadActual  90: 67108864 op, 991799700.00 ns, 14.7790 ns/op
WorkloadActual  91: 67108864 op, 1109082500.00 ns, 16.5266 ns/op
WorkloadActual  92: 67108864 op, 1173647500.00 ns, 17.4887 ns/op
WorkloadActual  93: 67108864 op, 990800300.00 ns, 14.7641 ns/op
WorkloadActual  94: 67108864 op, 971197900.00 ns, 14.4720 ns/op
WorkloadActual  95: 67108864 op, 969866000.00 ns, 14.4521 ns/op
WorkloadActual  96: 67108864 op, 1045816200.00 ns, 15.5839 ns/op
WorkloadActual  97: 67108864 op, 997976300.00 ns, 14.8710 ns/op
WorkloadActual  98: 67108864 op, 983977800.00 ns, 14.6624 ns/op
WorkloadActual  99: 67108864 op, 960888400.00 ns, 14.3184 ns/op
WorkloadActual  100: 67108864 op, 1236958000.00 ns, 18.4321 ns/op

WorkloadResult   1: 67108864 op, 617012050.00 ns, 9.1942 ns/op
WorkloadResult   2: 67108864 op, 584690150.00 ns, 8.7126 ns/op
WorkloadResult   3: 67108864 op, 717483150.00 ns, 10.6913 ns/op
WorkloadResult   4: 67108864 op, 708601850.00 ns, 10.5590 ns/op
WorkloadResult   5: 67108864 op, 650509850.00 ns, 9.6934 ns/op
WorkloadResult   6: 67108864 op, 582613950.00 ns, 8.6816 ns/op
WorkloadResult   7: 67108864 op, 684943350.00 ns, 10.2065 ns/op
WorkloadResult   8: 67108864 op, 759872950.00 ns, 11.3230 ns/op
WorkloadResult   9: 67108864 op, 916424450.00 ns, 13.6558 ns/op
WorkloadResult  10: 67108864 op, 661898650.00 ns, 9.8631 ns/op
WorkloadResult  11: 67108864 op, 566203350.00 ns, 8.4371 ns/op
WorkloadResult  12: 67108864 op, 653598550.00 ns, 9.7394 ns/op
WorkloadResult  13: 67108864 op, 789373450.00 ns, 11.7626 ns/op
WorkloadResult  14: 67108864 op, 705772850.00 ns, 10.5168 ns/op
WorkloadResult  15: 67108864 op, 687492350.00 ns, 10.2444 ns/op
WorkloadResult  16: 67108864 op, 609425050.00 ns, 9.0811 ns/op
WorkloadResult  17: 67108864 op, 717572950.00 ns, 10.6927 ns/op
WorkloadResult  18: 67108864 op, 728284750.00 ns, 10.8523 ns/op
WorkloadResult  19: 67108864 op, 690128550.00 ns, 10.2837 ns/op
WorkloadResult  20: 67108864 op, 771355750.00 ns, 11.4941 ns/op
WorkloadResult  21: 67108864 op, 985878450.00 ns, 14.6907 ns/op
WorkloadResult  22: 67108864 op, 788346250.00 ns, 11.7473 ns/op
WorkloadResult  23: 67108864 op, 637757450.00 ns, 9.5033 ns/op
WorkloadResult  24: 67108864 op, 695529250.00 ns, 10.3642 ns/op
WorkloadResult  25: 67108864 op, 1115668150.00 ns, 16.6248 ns/op
WorkloadResult  26: 67108864 op, 970457950.00 ns, 14.4610 ns/op
WorkloadResult  27: 67108864 op, 823964950.00 ns, 12.2780 ns/op
WorkloadResult  28: 67108864 op, 827245550.00 ns, 12.3269 ns/op
WorkloadResult  29: 67108864 op, 915953150.00 ns, 13.6488 ns/op
WorkloadResult  30: 67108864 op, 794792650.00 ns, 11.8433 ns/op
WorkloadResult  31: 67108864 op, 671060450.00 ns, 9.9996 ns/op
WorkloadResult  32: 67108864 op, 563015650.00 ns, 8.3896 ns/op
WorkloadResult  33: 67108864 op, 616181950.00 ns, 9.1818 ns/op
WorkloadResult  34: 67108864 op, 719963550.00 ns, 10.7283 ns/op
WorkloadResult  35: 67108864 op, 637284550.00 ns, 9.4963 ns/op
WorkloadResult  36: 67108864 op, 549222150.00 ns, 8.1840 ns/op
WorkloadResult  37: 67108864 op, 552188150.00 ns, 8.2282 ns/op
WorkloadResult  38: 67108864 op, 710469250.00 ns, 10.5868 ns/op
WorkloadResult  39: 67108864 op, 934475750.00 ns, 13.9248 ns/op
WorkloadResult  40: 67108864 op, 725981550.00 ns, 10.8180 ns/op
WorkloadResult  41: 67108864 op, 584019050.00 ns, 8.7026 ns/op
WorkloadResult  42: 67108864 op, 616738050.00 ns, 9.1901 ns/op
WorkloadResult  43: 67108864 op, 815716950.00 ns, 12.1551 ns/op
WorkloadResult  44: 67108864 op, 741516350.00 ns, 11.0495 ns/op
WorkloadResult  45: 67108864 op, 1080591550.00 ns, 16.1021 ns/op
WorkloadResult  46: 67108864 op, 917686750.00 ns, 13.6746 ns/op
WorkloadResult  47: 67108864 op, 668895950.00 ns, 9.9673 ns/op
WorkloadResult  48: 67108864 op, 591814250.00 ns, 8.8187 ns/op
WorkloadResult  49: 67108864 op, 661517850.00 ns, 9.8574 ns/op
WorkloadResult  50: 67108864 op, 969786750.00 ns, 14.4509 ns/op
WorkloadResult  51: 67108864 op, 799451350.00 ns, 11.9128 ns/op
WorkloadResult  52: 67108864 op, 635452650.00 ns, 9.4690 ns/op
WorkloadResult  53: 67108864 op, 764080450.00 ns, 11.3857 ns/op
WorkloadResult  54: 67108864 op, 731486350.00 ns, 10.9000 ns/op
WorkloadResult  55: 67108864 op, 668508450.00 ns, 9.9616 ns/op
WorkloadResult  56: 67108864 op, 777088250.00 ns, 11.5795 ns/op
WorkloadResult  57: 67108864 op, 884993350.00 ns, 13.1874 ns/op
WorkloadResult  58: 67108864 op, 703248350.00 ns, 10.4792 ns/op
WorkloadResult  59: 67108864 op, 633771650.00 ns, 9.4439 ns/op
WorkloadResult  60: 67108864 op, 746146450.00 ns, 11.1184 ns/op
WorkloadResult  61: 67108864 op, 712798250.00 ns, 10.6215 ns/op
WorkloadResult  62: 67108864 op, 845262650.00 ns, 12.5954 ns/op
WorkloadResult  63: 67108864 op, 792200450.00 ns, 11.8047 ns/op
WorkloadResult  64: 67108864 op, 995823150.00 ns, 14.8389 ns/op
WorkloadResult  65: 67108864 op, 883616150.00 ns, 13.1669 ns/op
WorkloadResult  66: 67108864 op, 745157750.00 ns, 11.1037 ns/op
WorkloadResult  67: 67108864 op, 763975750.00 ns, 11.3841 ns/op
WorkloadResult  68: 67108864 op, 940999650.00 ns, 14.0220 ns/op
WorkloadResult  69: 67108864 op, 908880150.00 ns, 13.5434 ns/op
WorkloadResult  70: 67108864 op, 845685350.00 ns, 12.6017 ns/op
WorkloadResult  71: 67108864 op, 714364250.00 ns, 10.6449 ns/op
WorkloadResult  72: 67108864 op, 707932450.00 ns, 10.5490 ns/op
WorkloadResult  73: 67108864 op, 779291350.00 ns, 11.6123 ns/op
WorkloadResult  74: 67108864 op, 785445950.00 ns, 11.7041 ns/op
WorkloadResult  75: 67108864 op, 1057665550.00 ns, 15.7604 ns/op
WorkloadResult  76: 67108864 op, 872669250.00 ns, 13.0038 ns/op
WorkloadResult  77: 67108864 op, 898617150.00 ns, 13.3904 ns/op
WorkloadResult  78: 67108864 op, 902593350.00 ns, 13.4497 ns/op
WorkloadResult  79: 67108864 op, 1092024650.00 ns, 16.2724 ns/op
WorkloadResult  80: 67108864 op, 911988450.00 ns, 13.5897 ns/op
WorkloadResult  81: 67108864 op, 793783150.00 ns, 11.8283 ns/op
WorkloadResult  82: 67108864 op, 934577750.00 ns, 13.9263 ns/op
WorkloadResult  83: 67108864 op, 830119950.00 ns, 12.3698 ns/op
WorkloadResult  84: 67108864 op, 847518150.00 ns, 12.6290 ns/op
WorkloadResult  85: 67108864 op, 961009950.00 ns, 14.3202 ns/op
WorkloadResult  86: 67108864 op, 811489350.00 ns, 12.0921 ns/op
WorkloadResult  87: 67108864 op, 765048150.00 ns, 11.4001 ns/op
WorkloadResult  88: 67108864 op, 808651650.00 ns, 12.0498 ns/op
WorkloadResult  89: 67108864 op, 925934450.00 ns, 13.7975 ns/op
WorkloadResult  90: 67108864 op, 990499450.00 ns, 14.7596 ns/op
WorkloadResult  91: 67108864 op, 807652250.00 ns, 12.0350 ns/op
WorkloadResult  92: 67108864 op, 788049850.00 ns, 11.7429 ns/op
WorkloadResult  93: 67108864 op, 786717950.00 ns, 11.7230 ns/op
WorkloadResult  94: 67108864 op, 862668150.00 ns, 12.8548 ns/op
WorkloadResult  95: 67108864 op, 814828250.00 ns, 12.1419 ns/op
WorkloadResult  96: 67108864 op, 800829750.00 ns, 11.9333 ns/op
WorkloadResult  97: 67108864 op, 777740350.00 ns, 11.5892 ns/op
WorkloadResult  98: 67108864 op, 1053809950.00 ns, 15.7030 ns/op
// GC:  0 0 0 2032 67108864
// Threading:  0 0 67108864


Mean = 11.639 ns, StdErr = 0.199 ns (1.71%), N = 98, StdDev = 1.972 ns
Min = 8.184 ns, Q1 = 10.254 ns, Median = 11.584 ns, Q3 = 12.967 ns, Max = 16.625 ns
IQR = 2.712 ns, LowerFence = 6.186 ns, UpperFence = 17.035 ns
ConfidenceInterval = [10.963 ns; 12.316 ns] (CI 99.9%), Margin = 0.676 ns (5.81% of Mean)
Skewness = 0.41, Kurtosis = 2.59, MValue = 3.03

// ** Remained 1 (14.3%) benchmark(s) to run. Estimated finish 2026-08-06 14:30 (0h 1m from now) **
Setup power plan (GUID: 8c5e7fda-e8bf-4a96-9a85-a6e23a8c635c FriendlyName: High performance)
// **************************
// Benchmark: StepBreakdownBenchmarks.'Step 7: O(1) Direct Memory Pointer Resumption': InProcess(Toolchain=InProcessEmitToolchain)
// *** Execute ***
// Launch: 1 / 1

// Benchmark Process Environment Information:
// BenchmarkDotNet v0.14.0
// Runtime=.NET 10.0.5 (10.0.526.15411), X64 RyuJIT AVX2
// GC=Concurrent Workstation
// HardwareIntrinsics=AVX2,AES,BMI1,BMI2,FMA,LZCNT,PCLMUL,POPCNT VectorSize=256
// Job: Job-URRYTP(Toolchain=InProcessEmitToolchain)

OverheadJitting  1: 1 op, 590100.00 ns, 590.1000 us/op
WorkloadJitting  1: 1 op, 1334400.00 ns, 1.3344 ms/op

OverheadJitting  2: 16 op, 1473800.00 ns, 92.1125 us/op
WorkloadJitting  2: 16 op, 1558600.00 ns, 97.4125 us/op

WorkloadPilot    1: 16 op, 8200.00 ns, 512.5000 ns/op
WorkloadPilot    2: 32 op, 5000.00 ns, 156.2500 ns/op
WorkloadPilot    3: 64 op, 2100.00 ns, 32.8125 ns/op
WorkloadPilot    4: 128 op, 2900.00 ns, 22.6563 ns/op
WorkloadPilot    5: 256 op, 5100.00 ns, 19.9219 ns/op
WorkloadPilot    6: 512 op, 9700.00 ns, 18.9453 ns/op
WorkloadPilot    7: 1024 op, 8800.00 ns, 8.5938 ns/op
WorkloadPilot    8: 2048 op, 23000.00 ns, 11.2305 ns/op
WorkloadPilot    9: 4096 op, 44300.00 ns, 10.8154 ns/op
WorkloadPilot   10: 8192 op, 86300.00 ns, 10.5347 ns/op
WorkloadPilot   11: 16384 op, 144500.00 ns, 8.8196 ns/op
WorkloadPilot   12: 32768 op, 231800.00 ns, 7.0740 ns/op
WorkloadPilot   13: 65536 op, 677700.00 ns, 10.3409 ns/op
WorkloadPilot   14: 131072 op, 1040300.00 ns, 7.9369 ns/op
WorkloadPilot   15: 262144 op, 2182600.00 ns, 8.3260 ns/op
WorkloadPilot   16: 524288 op, 5719700.00 ns, 10.9095 ns/op
WorkloadPilot   17: 1048576 op, 10858500.00 ns, 10.3555 ns/op
WorkloadPilot   18: 2097152 op, 22831300.00 ns, 10.8868 ns/op
WorkloadPilot   19: 4194304 op, 48655500.00 ns, 11.6004 ns/op
WorkloadPilot   20: 8388608 op, 78197900.00 ns, 9.3219 ns/op
WorkloadPilot   21: 16777216 op, 96909700.00 ns, 5.7763 ns/op
WorkloadPilot   22: 33554432 op, 188466200.00 ns, 5.6167 ns/op
WorkloadPilot   23: 67108864 op, 345149300.00 ns, 5.1431 ns/op
WorkloadPilot   24: 134217728 op, 591969900.00 ns, 4.4105 ns/op

OverheadWarmup   1: 134217728 op, 427266500.00 ns, 3.1834 ns/op
OverheadWarmup   2: 134217728 op, 468263200.00 ns, 3.4888 ns/op
OverheadWarmup   3: 134217728 op, 501250200.00 ns, 3.7346 ns/op
OverheadWarmup   4: 134217728 op, 499876500.00 ns, 3.7244 ns/op
OverheadWarmup   5: 134217728 op, 508117000.00 ns, 3.7858 ns/op
OverheadWarmup   6: 134217728 op, 445324800.00 ns, 3.3179 ns/op

OverheadActual   1: 134217728 op, 428093500.00 ns, 3.1895 ns/op
OverheadActual   2: 134217728 op, 455231200.00 ns, 3.3917 ns/op
OverheadActual   3: 134217728 op, 557778200.00 ns, 4.1558 ns/op
OverheadActual   4: 134217728 op, 574891400.00 ns, 4.2833 ns/op
OverheadActual   5: 134217728 op, 443514200.00 ns, 3.3044 ns/op
OverheadActual   6: 134217728 op, 517340100.00 ns, 3.8545 ns/op
OverheadActual   7: 134217728 op, 476582000.00 ns, 3.5508 ns/op
OverheadActual   8: 134217728 op, 512884300.00 ns, 3.8213 ns/op
OverheadActual   9: 134217728 op, 537554500.00 ns, 4.0051 ns/op
OverheadActual  10: 134217728 op, 528978600.00 ns, 3.9412 ns/op
OverheadActual  11: 134217728 op, 563471800.00 ns, 4.1982 ns/op
OverheadActual  12: 134217728 op, 508063400.00 ns, 3.7854 ns/op
OverheadActual  13: 134217728 op, 483773300.00 ns, 3.6044 ns/op
OverheadActual  14: 134217728 op, 422422400.00 ns, 3.1473 ns/op
OverheadActual  15: 134217728 op, 511566600.00 ns, 3.8115 ns/op
OverheadActual  16: 134217728 op, 558543500.00 ns, 4.1615 ns/op
OverheadActual  17: 134217728 op, 559046100.00 ns, 4.1652 ns/op
OverheadActual  18: 134217728 op, 551608500.00 ns, 4.1098 ns/op
OverheadActual  19: 134217728 op, 583962800.00 ns, 4.3509 ns/op
OverheadActual  20: 134217728 op, 602682800.00 ns, 4.4903 ns/op

WorkloadWarmup   1: 134217728 op, 866573200.00 ns, 6.4565 ns/op
WorkloadWarmup   2: 134217728 op, 886059000.00 ns, 6.6017 ns/op
WorkloadWarmup   3: 134217728 op, 641879000.00 ns, 4.7824 ns/op
WorkloadWarmup   4: 134217728 op, 605497400.00 ns, 4.5113 ns/op
WorkloadWarmup   5: 134217728 op, 508726500.00 ns, 3.7903 ns/op
WorkloadWarmup   6: 134217728 op, 510187700.00 ns, 3.8012 ns/op
WorkloadWarmup   7: 134217728 op, 445883400.00 ns, 3.3221 ns/op

WorkloadActual   1: 134217728 op, 461942900.00 ns, 3.4417 ns/op
WorkloadActual   2: 134217728 op, 461982100.00 ns, 3.4420 ns/op
WorkloadActual   3: 134217728 op, 447568300.00 ns, 3.3346 ns/op
WorkloadActual   4: 134217728 op, 525420300.00 ns, 3.9147 ns/op
WorkloadActual   5: 134217728 op, 638554200.00 ns, 4.7576 ns/op
WorkloadActual   6: 134217728 op, 580950500.00 ns, 4.3284 ns/op
WorkloadActual   7: 134217728 op, 561929900.00 ns, 4.1867 ns/op
WorkloadActual   8: 134217728 op, 670593400.00 ns, 4.9963 ns/op
WorkloadActual   9: 134217728 op, 689400200.00 ns, 5.1364 ns/op
WorkloadActual  10: 134217728 op, 570121900.00 ns, 4.2477 ns/op
WorkloadActual  11: 134217728 op, 568632600.00 ns, 4.2366 ns/op
WorkloadActual  12: 134217728 op, 529755800.00 ns, 3.9470 ns/op
WorkloadActual  13: 134217728 op, 499651200.00 ns, 3.7227 ns/op
WorkloadActual  14: 134217728 op, 490784600.00 ns, 3.6566 ns/op
WorkloadActual  15: 134217728 op, 507730700.00 ns, 3.7829 ns/op
WorkloadActual  16: 134217728 op, 595457500.00 ns, 4.4365 ns/op
WorkloadActual  17: 134217728 op, 521946700.00 ns, 3.8888 ns/op
WorkloadActual  18: 134217728 op, 473082600.00 ns, 3.5247 ns/op
WorkloadActual  19: 134217728 op, 461776900.00 ns, 3.4405 ns/op
WorkloadActual  20: 134217728 op, 483920900.00 ns, 3.6055 ns/op
WorkloadActual  21: 134217728 op, 652830900.00 ns, 4.8640 ns/op
WorkloadActual  22: 134217728 op, 710322700.00 ns, 5.2923 ns/op
WorkloadActual  23: 134217728 op, 505511500.00 ns, 3.7664 ns/op
WorkloadActual  24: 134217728 op, 407106300.00 ns, 3.0332 ns/op
WorkloadActual  25: 134217728 op, 395229900.00 ns, 2.9447 ns/op
WorkloadActual  26: 134217728 op, 376421300.00 ns, 2.8046 ns/op
WorkloadActual  27: 134217728 op, 361165000.00 ns, 2.6909 ns/op
WorkloadActual  28: 134217728 op, 350046100.00 ns, 2.6080 ns/op
WorkloadActual  29: 134217728 op, 355465600.00 ns, 2.6484 ns/op
WorkloadActual  30: 134217728 op, 352525100.00 ns, 2.6265 ns/op
WorkloadActual  31: 134217728 op, 343389100.00 ns, 2.5584 ns/op
WorkloadActual  32: 134217728 op, 351317300.00 ns, 2.6175 ns/op
WorkloadActual  33: 134217728 op, 384295000.00 ns, 2.8632 ns/op
WorkloadActual  34: 134217728 op, 377108600.00 ns, 2.8097 ns/op
WorkloadActual  35: 134217728 op, 368807000.00 ns, 2.7478 ns/op
WorkloadActual  36: 134217728 op, 398373900.00 ns, 2.9681 ns/op
WorkloadActual  37: 134217728 op, 454208700.00 ns, 3.3841 ns/op
WorkloadActual  38: 134217728 op, 429153500.00 ns, 3.1974 ns/op
WorkloadActual  39: 134217728 op, 392588900.00 ns, 2.9250 ns/op
WorkloadActual  40: 134217728 op, 391796000.00 ns, 2.9191 ns/op
WorkloadActual  41: 134217728 op, 382826900.00 ns, 2.8523 ns/op
WorkloadActual  42: 134217728 op, 386469300.00 ns, 2.8794 ns/op
WorkloadActual  43: 134217728 op, 386641500.00 ns, 2.8807 ns/op
WorkloadActual  44: 134217728 op, 378494100.00 ns, 2.8200 ns/op
WorkloadActual  45: 134217728 op, 377179900.00 ns, 2.8102 ns/op
WorkloadActual  46: 134217728 op, 411420000.00 ns, 3.0653 ns/op
WorkloadActual  47: 134217728 op, 390621100.00 ns, 2.9104 ns/op
WorkloadActual  48: 134217728 op, 412628800.00 ns, 3.0743 ns/op
WorkloadActual  49: 134217728 op, 413342600.00 ns, 3.0796 ns/op
WorkloadActual  50: 134217728 op, 401980100.00 ns, 2.9950 ns/op
WorkloadActual  51: 134217728 op, 388141700.00 ns, 2.8919 ns/op
WorkloadActual  52: 134217728 op, 379940300.00 ns, 2.8308 ns/op
WorkloadActual  53: 134217728 op, 398334300.00 ns, 2.9678 ns/op
WorkloadActual  54: 134217728 op, 473397800.00 ns, 3.5271 ns/op
WorkloadActual  55: 134217728 op, 411457200.00 ns, 3.0656 ns/op
WorkloadActual  56: 134217728 op, 371466100.00 ns, 2.7676 ns/op
WorkloadActual  57: 134217728 op, 357936200.00 ns, 2.6668 ns/op
WorkloadActual  58: 134217728 op, 353322100.00 ns, 2.6325 ns/op
WorkloadActual  59: 134217728 op, 343992700.00 ns, 2.5629 ns/op
WorkloadActual  60: 134217728 op, 370940400.00 ns, 2.7637 ns/op
WorkloadActual  61: 134217728 op, 371617200.00 ns, 2.7688 ns/op
WorkloadActual  62: 134217728 op, 406068100.00 ns, 3.0254 ns/op
WorkloadActual  63: 134217728 op, 409775400.00 ns, 3.0531 ns/op
WorkloadActual  64: 134217728 op, 421920600.00 ns, 3.1436 ns/op
WorkloadActual  65: 134217728 op, 414198800.00 ns, 3.0860 ns/op
WorkloadActual  66: 134217728 op, 374180100.00 ns, 2.7879 ns/op
WorkloadActual  67: 134217728 op, 364497400.00 ns, 2.7157 ns/op
WorkloadActual  68: 134217728 op, 355634800.00 ns, 2.6497 ns/op
WorkloadActual  69: 134217728 op, 346253700.00 ns, 2.5798 ns/op
WorkloadActual  70: 134217728 op, 347502100.00 ns, 2.5891 ns/op
WorkloadActual  71: 134217728 op, 352952500.00 ns, 2.6297 ns/op
WorkloadActual  72: 134217728 op, 304066400.00 ns, 2.2655 ns/op
WorkloadActual  73: 134217728 op, 322644400.00 ns, 2.4039 ns/op
WorkloadActual  74: 134217728 op, 369721600.00 ns, 2.7546 ns/op
WorkloadActual  75: 134217728 op, 443288400.00 ns, 3.3028 ns/op
WorkloadActual  76: 134217728 op, 454096300.00 ns, 3.3833 ns/op
WorkloadActual  77: 134217728 op, 403417000.00 ns, 3.0057 ns/op
WorkloadActual  78: 134217728 op, 393252300.00 ns, 2.9300 ns/op
WorkloadActual  79: 134217728 op, 447456800.00 ns, 3.3338 ns/op
WorkloadActual  80: 134217728 op, 460789000.00 ns, 3.4331 ns/op
WorkloadActual  81: 134217728 op, 476870300.00 ns, 3.5530 ns/op
WorkloadActual  82: 134217728 op, 434714900.00 ns, 3.2389 ns/op
WorkloadActual  83: 134217728 op, 425283600.00 ns, 3.1686 ns/op
WorkloadActual  84: 134217728 op, 425573000.00 ns, 3.1708 ns/op
WorkloadActual  85: 134217728 op, 402039700.00 ns, 2.9954 ns/op
WorkloadActual  86: 134217728 op, 398288500.00 ns, 2.9675 ns/op
WorkloadActual  87: 134217728 op, 406836200.00 ns, 3.0312 ns/op
WorkloadActual  88: 134217728 op, 391150300.00 ns, 2.9143 ns/op
WorkloadActual  89: 134217728 op, 363735400.00 ns, 2.7100 ns/op
WorkloadActual  90: 134217728 op, 354282100.00 ns, 2.6396 ns/op
WorkloadActual  91: 134217728 op, 377054700.00 ns, 2.8093 ns/op
WorkloadActual  92: 134217728 op, 392548700.00 ns, 2.9247 ns/op
WorkloadActual  93: 134217728 op, 456708400.00 ns, 3.4027 ns/op
WorkloadActual  94: 134217728 op, 453137700.00 ns, 3.3761 ns/op
WorkloadActual  95: 134217728 op, 523161700.00 ns, 3.8979 ns/op
WorkloadActual  96: 134217728 op, 448457400.00 ns, 3.3413 ns/op
WorkloadActual  97: 134217728 op, 454537300.00 ns, 3.3866 ns/op
WorkloadActual  98: 134217728 op, 439032900.00 ns, 3.2711 ns/op
WorkloadActual  99: 134217728 op, 441337100.00 ns, 3.2882 ns/op
WorkloadActual  100: 134217728 op, 460682700.00 ns, 3.4324 ns/op

WorkloadResult   1: 134217728 op, 0.00 ns, 0.0000 ns/op
WorkloadResult   2: 134217728 op, 0.00 ns, 0.0000 ns/op
WorkloadResult   3: 134217728 op, 0.00 ns, 0.0000 ns/op
WorkloadResult   4: 134217728 op, 2260950.00 ns, 0.0168 ns/op
WorkloadResult   5: 134217728 op, 57791150.00 ns, 0.4306 ns/op
WorkloadResult   6: 134217728 op, 38770550.00 ns, 0.2889 ns/op
WorkloadResult   7: 134217728 op, 46962550.00 ns, 0.3499 ns/op
WorkloadResult   8: 134217728 op, 45473250.00 ns, 0.3388 ns/op
WorkloadResult   9: 134217728 op, 6596450.00 ns, 0.0491 ns/op
WorkloadResult  10: 134217728 op, 0.00 ns, 0.0000 ns/op
WorkloadResult  11: 134217728 op, 0.00 ns, 0.0000 ns/op
WorkloadResult  12: 134217728 op, 0.00 ns, 0.0000 ns/op
WorkloadResult  13: 134217728 op, 0.00 ns, 0.0000 ns/op
WorkloadResult  14: 134217728 op, 0.00 ns, 0.0000 ns/op
WorkloadResult  15: 134217728 op, 0.00 ns, 0.0000 ns/op
WorkloadResult  16: 134217728 op, 0.00 ns, 0.0000 ns/op
WorkloadResult  17: 134217728 op, 0.00 ns, 0.0000 ns/op
WorkloadResult  18: 134217728 op, 0.00 ns, 0.0000 ns/op
WorkloadResult  19: 134217728 op, 0.00 ns, 0.0000 ns/op
WorkloadResult  20: 134217728 op, 0.00 ns, 0.0000 ns/op
WorkloadResult  21: 134217728 op, 0.00 ns, 0.0000 ns/op
WorkloadResult  22: 134217728 op, 0.00 ns, 0.0000 ns/op
WorkloadResult  23: 134217728 op, 0.00 ns, 0.0000 ns/op
WorkloadResult  24: 134217728 op, 0.00 ns, 0.0000 ns/op
WorkloadResult  25: 134217728 op, 0.00 ns, 0.0000 ns/op
WorkloadResult  26: 134217728 op, 0.00 ns, 0.0000 ns/op
WorkloadResult  27: 134217728 op, 0.00 ns, 0.0000 ns/op
WorkloadResult  28: 134217728 op, 0.00 ns, 0.0000 ns/op
WorkloadResult  29: 134217728 op, 0.00 ns, 0.0000 ns/op
WorkloadResult  30: 134217728 op, 0.00 ns, 0.0000 ns/op
WorkloadResult  31: 134217728 op, 0.00 ns, 0.0000 ns/op
WorkloadResult  32: 134217728 op, 0.00 ns, 0.0000 ns/op
WorkloadResult  33: 134217728 op, 0.00 ns, 0.0000 ns/op
WorkloadResult  34: 134217728 op, 0.00 ns, 0.0000 ns/op
WorkloadResult  35: 134217728 op, 0.00 ns, 0.0000 ns/op
WorkloadResult  36: 134217728 op, 0.00 ns, 0.0000 ns/op
WorkloadResult  37: 134217728 op, 0.00 ns, 0.0000 ns/op
WorkloadResult  38: 134217728 op, 0.00 ns, 0.0000 ns/op
WorkloadResult  39: 134217728 op, 0.00 ns, 0.0000 ns/op
WorkloadResult  40: 134217728 op, 0.00 ns, 0.0000 ns/op
WorkloadResult  41: 134217728 op, 0.00 ns, 0.0000 ns/op
WorkloadResult  42: 134217728 op, 0.00 ns, 0.0000 ns/op
WorkloadResult  43: 134217728 op, 0.00 ns, 0.0000 ns/op
WorkloadResult  44: 134217728 op, 0.00 ns, 0.0000 ns/op
WorkloadResult  45: 134217728 op, 0.00 ns, 0.0000 ns/op
WorkloadResult  46: 134217728 op, 0.00 ns, 0.0000 ns/op
WorkloadResult  47: 134217728 op, 0.00 ns, 0.0000 ns/op
WorkloadResult  48: 134217728 op, 0.00 ns, 0.0000 ns/op
WorkloadResult  49: 134217728 op, 0.00 ns, 0.0000 ns/op
WorkloadResult  50: 134217728 op, 0.00 ns, 0.0000 ns/op
WorkloadResult  51: 134217728 op, 0.00 ns, 0.0000 ns/op
WorkloadResult  52: 134217728 op, 0.00 ns, 0.0000 ns/op
WorkloadResult  53: 134217728 op, 0.00 ns, 0.0000 ns/op
WorkloadResult  54: 134217728 op, 0.00 ns, 0.0000 ns/op
WorkloadResult  55: 134217728 op, 0.00 ns, 0.0000 ns/op
WorkloadResult  56: 134217728 op, 0.00 ns, 0.0000 ns/op
WorkloadResult  57: 134217728 op, 0.00 ns, 0.0000 ns/op
WorkloadResult  58: 134217728 op, 0.00 ns, 0.0000 ns/op
WorkloadResult  59: 134217728 op, 0.00 ns, 0.0000 ns/op
WorkloadResult  60: 134217728 op, 0.00 ns, 0.0000 ns/op
WorkloadResult  61: 134217728 op, 0.00 ns, 0.0000 ns/op
WorkloadResult  62: 134217728 op, 0.00 ns, 0.0000 ns/op
WorkloadResult  63: 134217728 op, 0.00 ns, 0.0000 ns/op
WorkloadResult  64: 134217728 op, 0.00 ns, 0.0000 ns/op
WorkloadResult  65: 134217728 op, 0.00 ns, 0.0000 ns/op
WorkloadResult  66: 134217728 op, 0.00 ns, 0.0000 ns/op
WorkloadResult  67: 134217728 op, 0.00 ns, 0.0000 ns/op
WorkloadResult  68: 134217728 op, 0.00 ns, 0.0000 ns/op
WorkloadResult  69: 134217728 op, 0.00 ns, 0.0000 ns/op
WorkloadResult  70: 134217728 op, 0.00 ns, 0.0000 ns/op
WorkloadResult  71: 134217728 op, 0.00 ns, 0.0000 ns/op
WorkloadResult  72: 134217728 op, 0.00 ns, 0.0000 ns/op
WorkloadResult  73: 134217728 op, 0.00 ns, 0.0000 ns/op
WorkloadResult  74: 134217728 op, 0.00 ns, 0.0000 ns/op
WorkloadResult  75: 134217728 op, 0.00 ns, 0.0000 ns/op
WorkloadResult  76: 134217728 op, 0.00 ns, 0.0000 ns/op
WorkloadResult  77: 134217728 op, 0.00 ns, 0.0000 ns/op
WorkloadResult  78: 134217728 op, 0.00 ns, 0.0000 ns/op
WorkloadResult  79: 134217728 op, 0.00 ns, 0.0000 ns/op
WorkloadResult  80: 134217728 op, 0.00 ns, 0.0000 ns/op
WorkloadResult  81: 134217728 op, 0.00 ns, 0.0000 ns/op
WorkloadResult  82: 134217728 op, 0.00 ns, 0.0000 ns/op
WorkloadResult  83: 134217728 op, 0.00 ns, 0.0000 ns/op
WorkloadResult  84: 134217728 op, 0.00 ns, 0.0000 ns/op
WorkloadResult  85: 134217728 op, 0.00 ns, 0.0000 ns/op
WorkloadResult  86: 134217728 op, 0.00 ns, 0.0000 ns/op
WorkloadResult  87: 134217728 op, 0.00 ns, 0.0000 ns/op
WorkloadResult  88: 134217728 op, 0.00 ns, 0.0000 ns/op
WorkloadResult  89: 134217728 op, 2350.00 ns, 0.0000 ns/op
WorkloadResult  90: 134217728 op, 0.00 ns, 0.0000 ns/op
WorkloadResult  91: 134217728 op, 0.00 ns, 0.0000 ns/op
WorkloadResult  92: 134217728 op, 0.00 ns, 0.0000 ns/op
WorkloadResult  93: 134217728 op, 0.00 ns, 0.0000 ns/op
WorkloadResult  94: 134217728 op, 0.00 ns, 0.0000 ns/op
// GC:  0 0 0 2032 134217728
// Threading:  0 0 134217728


Mean = 0.016 ns, StdErr = 0.007 ns (47.53%), N = 94, StdDev = 0.072 ns
Min = 0.000 ns, Q1 = 0.000 ns, Median = 0.000 ns, Q3 = 0.000 ns, Max = 0.431 ns
IQR = 0.000 ns, LowerFence = 0.000 ns, UpperFence = 0.000 ns
ConfidenceInterval = [-0.010 ns; 0.041 ns] (CI 99.9%), Margin = 0.025 ns (161.51% of Mean)
Skewness = 4.58, Kurtosis = 22.86, MValue = 2

// ** Remained 0 (0.0%) benchmark(s) to run. Estimated finish 2026-08-06 14:30 (0h 0m from now) **
Successfully reverted power plan (GUID: 381b4222-f694-41f0-9685-ff5bb260df2e FriendlyName: Balanced)
// ***** BenchmarkRunner: Finish  *****

// * Export *
  BenchmarkDotNet.Artifacts\results\Velocity.Workflow.Benchmarks.StepBreakdownBenchmarks-report.csv
  BenchmarkDotNet.Artifacts\results\Velocity.Workflow.Benchmarks.StepBreakdownBenchmarks-report-github.md
  BenchmarkDotNet.Artifacts\results\Velocity.Workflow.Benchmarks.StepBreakdownBenchmarks-report.html

// * Detailed results *
StepBreakdownBenchmarks.'Step 1: Slab Creation & Merkle Hash (Rust FFI)': InProcess(Toolchain=InProcessEmitToolchain)
Runtime = ; GC = 
Mean = 935.355 ns, StdErr = 14.181 ns (1.52%), N = 94, StdDev = 137.486 ns
Min = 707.352 ns, Q1 = 833.855 ns, Median = 905.290 ns, Q3 = 1,007.684 ns, Max = 1,314.410 ns
IQR = 173.829 ns, LowerFence = 573.112 ns, UpperFence = 1,268.428 ns
ConfidenceInterval = [887.166 ns; 983.544 ns] (CI 99.9%), Margin = 48.189 ns (5.15% of Mean)
Skewness = 0.84, Kurtosis = 3.23, MValue = 2.81
-------------------- Histogram --------------------
[  667.665 ns ;   731.962 ns) | @
[  731.962 ns ;   813.559 ns) | @@@@@@@@@@@@@@
[  813.559 ns ;   892.933 ns) | @@@@@@@@@@@@@@@@@@@@@@@@@@@@@@
[  892.933 ns ;   919.418 ns) | @@@@
[  919.418 ns ;   998.792 ns) | @@@@@@@@@@@@@@@@@@@@
[  998.792 ns ; 1,078.796 ns) | @@@@@@@@@
[1,078.796 ns ; 1,158.170 ns) | @@@@@@@@@@
[1,158.170 ns ; 1,252.014 ns) | @@
[1,252.014 ns ; 1,331.388 ns) | @@@@
---------------------------------------------------

StepBreakdownBenchmarks.'Step 2: Bitmask Step Mark & Transition (Rust FFI)': InProcess(Toolchain=InProcessEmitToolchain)
Runtime = ; GC = 
Mean = 998.408 ns, StdErr = 14.214 ns (1.42%), N = 95, StdDev = 138.537 ns
Min = 735.348 ns, Q1 = 897.311 ns, Median = 991.246 ns, Q3 = 1,069.225 ns, Max = 1,377.001 ns
IQR = 171.914 ns, LowerFence = 639.441 ns, UpperFence = 1,327.095 ns
ConfidenceInterval = [950.123 ns; 1,046.692 ns] (CI 99.9%), Margin = 48.285 ns (4.84% of Mean)
Skewness = 0.63, Kurtosis = 3.03, MValue = 3.5
-------------------- Histogram --------------------
[  728.809 ns ;   806.596 ns) | @@@
[  806.596 ns ;   886.296 ns) | @@@@@@@@@@@@@@@@@@@@
[  886.296 ns ;   969.511 ns) | @@@@@@@@@@@@@@@
[  969.511 ns ; 1,049.211 ns) | @@@@@@@@@@@@@@@@@@@@@@@@@@@@@
[1,049.211 ns ; 1,139.181 ns) | @@@@@@@@@@@@@@
[1,139.181 ns ; 1,221.554 ns) | @@@@@@@@
[1,221.554 ns ; 1,310.035 ns) | @@
[1,310.035 ns ; 1,389.735 ns) | @@@@
---------------------------------------------------

StepBreakdownBenchmarks.'Step 3: Merkle Root SHA-256 Verification (Rust FFI)': InProcess(Toolchain=InProcessEmitToolchain)
Runtime = ; GC = 
Mean = 963.445 ns, StdErr = 12.214 ns (1.27%), N = 100, StdDev = 122.143 ns
Min = 686.876 ns, Q1 = 868.767 ns, Median = 950.999 ns, Q3 = 1,058.066 ns, Max = 1,334.507 ns
IQR = 189.299 ns, LowerFence = 584.819 ns, UpperFence = 1,342.014 ns
ConfidenceInterval = [922.020 ns; 1,004.870 ns] (CI 99.9%), Margin = 41.425 ns (4.30% of Mean)
Skewness = 0.4, Kurtosis = 2.66, MValue = 3.33
-------------------- Histogram --------------------
[  652.337 ns ;   721.414 ns) | @
[  721.414 ns ;   797.231 ns) | @
[  797.231 ns ;   866.307 ns) | @@@@@@@@@@@@@@@@@@@@@@@
[  866.307 ns ;   939.938 ns) | @@@@@@@@@@@@@@@@@@
[  939.938 ns ; 1,009.015 ns) | @@@@@@@@@@@@@@@@@@@@@@@@@@@
[1,009.015 ns ; 1,051.685 ns) | @@@
[1,051.685 ns ; 1,120.762 ns) | @@@@@@@@@@@@@@@
[1,120.762 ns ; 1,194.256 ns) | @@@@@@@@@@@
[1,194.256 ns ; 1,263.332 ns) | 
[1,263.332 ns ; 1,299.968 ns) | 
[1,299.968 ns ; 1,369.045 ns) | @
---------------------------------------------------

StepBreakdownBenchmarks.'Step 4: NDA Binary Document Proof Verification': InProcess(Toolchain=InProcessEmitToolchain)
Runtime = ; GC = 
Mean = 473.335 ns, StdErr = 6.753 ns (1.43%), N = 92, StdDev = 64.770 ns
Min = 377.007 ns, Q1 = 418.735 ns, Median = 468.146 ns, Q3 = 504.664 ns, Max = 660.537 ns
IQR = 85.930 ns, LowerFence = 289.841 ns, UpperFence = 633.559 ns
ConfidenceInterval = [450.371 ns; 496.299 ns] (CI 99.9%), Margin = 22.964 ns (4.85% of Mean)
Skewness = 0.62, Kurtosis = 2.87, MValue = 3.44
-------------------- Histogram --------------------
[376.044 ns ; 413.706 ns) | @@@@@@@@@@@@@@@@@@@@@@
[413.706 ns ; 428.897 ns) | @@@@
[428.897 ns ; 467.219 ns) | @@@@@@@@@@@@@@@@@@@
[467.219 ns ; 504.882 ns) | @@@@@@@@@@@@@@@@@@@@@@@@
[504.882 ns ; 547.039 ns) | @@@@@@@@@@@@
[547.039 ns ; 593.487 ns) | @@@@@@
[593.487 ns ; 635.756 ns) | @@@@
[635.756 ns ; 679.369 ns) | @
---------------------------------------------------

StepBreakdownBenchmarks.'Step 5: VCTP Packet Header Construction': InProcess(Toolchain=InProcessEmitToolchain)
Runtime = ; GC = 
Mean = 13.859 ns, StdErr = 0.318 ns (2.30%), N = 95, StdDev = 3.101 ns
Min = 8.372 ns, Q1 = 11.675 ns, Median = 13.236 ns, Q3 = 15.395 ns, Max = 21.757 ns
IQR = 3.720 ns, LowerFence = 6.095 ns, UpperFence = 20.976 ns
ConfidenceInterval = [12.778 ns; 14.940 ns] (CI 99.9%), Margin = 1.081 ns (7.80% of Mean)
Skewness = 0.87, Kurtosis = 3.23, MValue = 2.08
-------------------- Histogram --------------------
[ 8.355 ns ; 10.232 ns) | @@@@@@@
[10.232 ns ; 12.043 ns) | @@@@@@@@@@@@@@@@@@@@
[12.043 ns ; 13.827 ns) | @@@@@@@@@@@@@@@@@@@@@@@@@@@@@@
[13.827 ns ; 15.592 ns) | @@@@@@@@@@@@@@@@
[15.592 ns ; 16.491 ns) | @@@@
[16.491 ns ; 18.275 ns) | @@@@@@@@@@
[18.275 ns ; 20.402 ns) | @
[20.402 ns ; 22.186 ns) | @@@@@@@
---------------------------------------------------

StepBreakdownBenchmarks.'Step 6: Tier-2 Bump Arena Payload Allocation': InProcess(Toolchain=InProcessEmitToolchain)
Runtime = ; GC = 
Mean = 11.639 ns, StdErr = 0.199 ns (1.71%), N = 98, StdDev = 1.972 ns
Min = 8.184 ns, Q1 = 10.254 ns, Median = 11.584 ns, Q3 = 12.967 ns, Max = 16.625 ns
IQR = 2.712 ns, LowerFence = 6.186 ns, UpperFence = 17.035 ns
ConfidenceInterval = [10.963 ns; 12.316 ns] (CI 99.9%), Margin = 0.676 ns (5.81% of Mean)
Skewness = 0.41, Kurtosis = 2.59, MValue = 3.03
-------------------- Histogram --------------------
[ 7.623 ns ;  8.649 ns) | @@@@
[ 8.649 ns ;  9.817 ns) | @@@@@@@@@@@@@@
[ 9.817 ns ; 10.940 ns) | @@@@@@@@@@@@@@@@@@@@@@
[10.940 ns ; 12.408 ns) | @@@@@@@@@@@@@@@@@@@@@@@@@@@@@
[12.408 ns ; 12.951 ns) | @@@@
[12.951 ns ; 14.074 ns) | @@@@@@@@@@@@@@
[14.074 ns ; 15.141 ns) | @@@@@@
[15.141 ns ; 15.602 ns) | 
[15.602 ns ; 16.725 ns) | @@@@@
---------------------------------------------------

StepBreakdownBenchmarks.'Step 7: O(1) Direct Memory Pointer Resumption': InProcess(Toolchain=InProcessEmitToolchain)
Runtime = ; GC = 
Mean = 0.016 ns, StdErr = 0.007 ns (47.53%), N = 94, StdDev = 0.072 ns
Min = 0.000 ns, Q1 = 0.000 ns, Median = 0.000 ns, Q3 = 0.000 ns, Max = 0.431 ns
IQR = 0.000 ns, LowerFence = 0.000 ns, UpperFence = 0.000 ns
ConfidenceInterval = [-0.010 ns; 0.041 ns] (CI 99.9%), Margin = 0.025 ns (161.51% of Mean)
Skewness = 4.58, Kurtosis = 22.86, MValue = 2
-------------------- Histogram --------------------
[-0.013 ns ; 0.029 ns) | @@@@@@@@@@@@@@@@@@@@@@@@@@@@@@@@@@@@@@@@@@@@@@@@@@@@@@@@@@@@@@@@@@@@@@@@@@@@@@@@@@@@@@@@@
[ 0.029 ns ; 0.070 ns) | @
[ 0.070 ns ; 0.112 ns) | 
[ 0.112 ns ; 0.154 ns) | 
[ 0.154 ns ; 0.195 ns) | 
[ 0.195 ns ; 0.237 ns) | 
[ 0.237 ns ; 0.268 ns) | 
[ 0.268 ns ; 0.310 ns) | @
[ 0.310 ns ; 0.365 ns) | @@
[ 0.365 ns ; 0.410 ns) | 
[ 0.410 ns ; 0.452 ns) | @
---------------------------------------------------

// * Summary *

BenchmarkDotNet v0.14.0, Windows 11 (10.0.26200.8875)
Intel Core i7-10510U CPU 1.80GHz, 1 CPU, 8 logical and 4 physical cores
.NET SDK 10.0.201
  [Host] : .NET 10.0.5 (10.0.526.15411), X64 RyuJIT AVX2

Job=InProcess  Toolchain=InProcessEmitToolchain  

| Method                                                | Mean        | Error      | StdDev      | Median      | Allocated |
|------------------------------------------------------ |------------:|-----------:|------------:|------------:|----------:|
| 'Step 1: Slab Creation & Merkle Hash (Rust FFI)'      | 935.3547 ns | 48.1890 ns | 137.4859 ns | 905.2896 ns |         - |
| 'Step 2: Bitmask Step Mark & Transition (Rust FFI)'   | 998.4076 ns | 48.2845 ns | 138.5374 ns | 991.2462 ns |         - |
| 'Step 3: Merkle Root SHA-256 Verification (Rust FFI)' | 963.4448 ns | 41.4251 ns | 122.1429 ns | 950.9992 ns |         - |
| 'Step 4: NDA Binary Document Proof Verification'      | 473.3349 ns | 22.9638 ns |  64.7699 ns | 468.1457 ns |         - |
| 'Step 5: VCTP Packet Header Construction'             |  13.8591 ns |  1.0809 ns |   3.1012 ns |  13.2363 ns |         - |
| 'Step 6: Tier-2 Bump Arena Payload Allocation'        |  11.6395 ns |  0.6761 ns |   1.9723 ns |  11.5844 ns |         - |
| 'Step 7: O(1) Direct Memory Pointer Resumption'       |   0.0157 ns |  0.0253 ns |   0.0723 ns |   0.0000 ns |         - |

// * Warnings *
MultimodalDistribution
  StepBreakdownBenchmarks.'Step 1: Slab Creation & Merkle Hash (Rust FFI)': InProcess      -> It seems that the distribution can have several modes (mValue = 2.81)
  StepBreakdownBenchmarks.'Step 2: Bitmask Step Mark & Transition (Rust FFI)': InProcess   -> It seems that the distribution is bimodal (mValue = 3.5)
  StepBreakdownBenchmarks.'Step 3: Merkle Root SHA-256 Verification (Rust FFI)': InProcess -> It seems that the distribution is bimodal (mValue = 3.33)
  StepBreakdownBenchmarks.'Step 4: NDA Binary Document Proof Verification': InProcess      -> It seems that the distribution is bimodal (mValue = 3.44)
  StepBreakdownBenchmarks.'Step 6: Tier-2 Bump Arena Payload Allocation': InProcess        -> It seems that the distribution can have several modes (mValue = 3.03)

// * Hints *
Outliers
  StepBreakdownBenchmarks.'Step 1: Slab Creation & Merkle Hash (Rust FFI)': InProcess    -> 6 outliers were removed (1.36 μs..2.02 μs)
  StepBreakdownBenchmarks.'Step 2: Bitmask Step Mark & Transition (Rust FFI)': InProcess -> 5 outliers were removed (1.42 μs..1.58 μs)
  StepBreakdownBenchmarks.'Step 4: NDA Binary Document Proof Verification': InProcess    -> 8 outliers were removed (701.61 ns..839.47 ns)
  StepBreakdownBenchmarks.'Step 5: VCTP Packet Header Construction': InProcess           -> 5 outliers were removed (25.84 ns..29.56 ns)
  StepBreakdownBenchmarks.'Step 6: Tier-2 Bump Arena Payload Allocation': InProcess      -> 2 outliers were removed (21.85 ns, 22.42 ns)
  StepBreakdownBenchmarks.'Step 7: O(1) Direct Memory Pointer Resumption': InProcess     -> 6 outliers were removed (4.44 ns..5.29 ns)

// * Legends *
  Mean      : Arithmetic mean of all measurements
  Error     : Half of 99.9% confidence interval
  StdDev    : Standard deviation of all measurements
  Median    : Value separating the higher half of all measurements (50th percentile)
  Allocated : Allocated memory per single operation (managed only, inclusive, 1KB = 1024B)
  1 ns      : 1 Nanosecond (0.000000001 sec)

// * Diagnostic Output - MemoryDiagnoser *


// ***** BenchmarkRunner: End *****
Run time: 00:09:10 (550.56 sec), executed benchmarks: 7

Global total time: 00:09:11 (551.41 sec), executed benchmarks: 7
// * Artifacts cleanup *
Artifacts cleanup is finished
